,Overall,Bib,Name,Time
0,1,1,Scott Wietecha,02:28:16
1,2,3,Garang Madut,02:29:52
2,3,33442,Kevin Fink,02:38:59
3,4,33441,Andrew Hodges,02:43:59
4,5,30028,Nicholas Aubert,02:48:11
5,6,30038,Dan Shafer,02:49:00
6,7,30099,Jacob Rainey,02:51:46
7,8,33712,Ry Glover,02:53:17
8,9,11,Stella Christoforou,02:53:44
9,10,30052,Tyler Hallenbeck,02:56:21
10,11,30057,Jansen Hein,02:56:23
11,12,33448,Christopher Harrington,02:56:48
12,13,30050,James Nabholz,02:57:03
13,14,30039,Jared Daedler,02:57:36
14,15,30096,Nicholas Tseffos,02:59:35
15,16,30107,Thomas Aliff,02:59:41
16,17,30040,Jeremy Riehm,03:01:41
17,18,30058,Greg Jones,03:02:12
18,19,30135,Jack Burger,03:02:17
19,20,30048,Edgar Garza,03:05:40
20,21,10,Heather Crowe,03:07:46
21,22,33452,Cristina Noble,03:08:21
22,23,30153,Dan Williams,03:09:33
23,24,30117,Eddie Bell,03:09:39
24,25,30395,Emanuel Loreant,03:10:23
25,26,30095,Jeffrey Olive,03:10:28
26,27,30211,Jacqueline Gottuso,03:10:50
27,28,30249,Eric Shrestha,03:11:27
28,29,30059,Brandon Foley,03:12:17
29,30,30131,Matt Hunt,03:12:34
30,31,30281,Thomas Cirillo,03:12:37
31,32,30132,Shawn Husband,03:14:03
32,33,30129,Mudhillun Muqaribu,03:15:11
33,34,33449,Scott Eiselt,03:15:22
34,35,30069,Kevin Laury,03:15:33
35,36,33460,Mahlon Hellman,03:16:17
36,37,30399,Patrick Sweatt,03:16:32
37,38,30221,Michelle Fogle,03:17:44
38,39,30182,Tatsuki Koyama,03:18:24
39,40,33485,David Jones,03:18:26
40,40,30051,Aaron O'Keeffe,03:18:26
41,42,30227,Dalton Stubbs,03:18:31
42,43,30084,Andrew Morris,03:19:04
43,44,33472,Nick Pitts,03:19:05
44,45,30239,Michael Ibanez,03:19:15
45,46,30253,Katelyn Storey,03:19:26
46,47,33451,Kevin Walker,03:19:28
47,48,30064,Ubaldo Hurtado,03:19:58
48,49,30126,Vic Ciancetta,03:20:07
49,50,30164,Jay Mitchell,03:20:17
50,51,30329,Donald Paull,03:21:06
51,52,30183,Andrew Thai,03:21:15
52,53,30870,Tim Roetman,03:21:25
53,54,30103,Ayub Odera,03:21:35
54,55,30165,Ryan Folkert,03:21:53
55,56,30120,Sean Cooper,03:21:58
56,57,30123,Javier Rusinque,03:22:02
57,58,30063,Todd Reynolds,03:22:04
58,59,30187,Robert Harris,03:22:23
59,60,30217,John Willis,03:22:27
60,61,30497,Armando Galvez Rico,03:22:30
61,62,30179,Daniel Salmon,03:22:43
62,63,30391,Kevin Harris,03:22:48
63,64,30175,Vincent Manier,03:23:18
64,65,30198,Alan Arpon,03:23:19
65,66,30252,Diego Ruiz,03:23:22
66,67,30667,Jeff Woody,03:23:27
67,68,30176,Matt Pesavento,03:23:44
68,69,33474,Gilbert Varela,03:23:46
69,70,30152,Sam Miller,03:24:21
70,71,30367,Andy Kump,03:24:33
71,72,30580,Aly Schenavar,03:25:26
72,73,31026,Sonny Tufano,03:25:43
73,74,30140,Brian Wright,03:26:10
74,75,30385,James Lowe,03:26:15
75,76,33468,Samuel Smith,03:26:24
76,77,30236,Jonathan Lister,03:26:47
77,78,30208,Susie Aames,03:27:13
78,79,30528,Chris Norris,03:27:30
79,80,30201,Will Westhoff,03:27:42
80,81,30409,Matthew Pires,03:27:48
81,82,30092,Brad Whitley,03:27:55
82,83,30251,Beau Baggett,03:28:27
83,84,30821,Steven Vargas,03:28:36
84,85,33651,Jeremy Lister,03:28:40
85,86,30316,Devin Ray,03:28:52
86,86,30608,Benjamin French,03:28:52
87,88,30439,Lydia Calahan,03:28:58
88,89,30326,Katherine Ainsworth,03:29:00
89,90,30378,Josh Leitner,03:29:07
90,91,30412,Leonardo Sánchez,03:29:20
91,92,33476,Charles Sisk,03:29:49
92,93,30303,Tess Vorselen,03:29:58
93,94,30495,Craig Findlay,03:30:05
94,95,31053,Jillian Roberts,03:30:30
95,96,30181,Charles Shackelford,03:30:31
96,97,30216,Maura Stacey,03:30:36
97,98,30557,Carmen Camp,03:30:40
98,99,31022,Blake Phillips,03:30:43
99,100,33495,Grant Stubblefield,03:30:53
100,101,30512,Jennifer Murray,03:30:54
101,102,30163,Peter Shreffler,03:31:04
102,103,30707,Ellen Williamson,03:31:05
103,103,31240,Adam Klenk,03:31:05
104,105,31444,Kyle Young,03:31:28
105,106,30394,Jason Toot,03:31:50
106,107,30145,Eric Parker,03:32:07
107,108,32051,Alexandra Vincenti,03:32:09
108,109,30375,Dan Duffy,03:32:10
109,110,30434,Emma Locke,03:32:13
110,111,30203,Joe Wiltsey,03:32:26
111,112,30392,Patrick Madl,03:32:34
112,113,30254,Rachel Polk,03:32:37
113,114,30451,Carl Ostrowski,03:32:46
114,115,30411,Vicente Rodriguez,03:32:47
115,116,30623,Kayla Whitley,03:33:22
116,117,30406,Katie Schubauer,03:33:45
117,117,33715,Alia Karaman,03:33:45
118,119,30090,Brian Germano,03:33:50
119,120,30098,Edwin Reyes,03:33:52
120,121,33473,Mark Clyburn,03:33:58
121,122,33487,Brian Steel,03:34:37
122,123,30060,Tien Le,03:34:43
123,124,30356,Drew Belnick,03:34:55
124,125,30056,Kevin Mckenna,03:35:09
125,126,30174,Nicholas Avello,03:35:12
126,127,30247,Olivia Dibiasio,03:35:14
127,128,30502,Kristen Bednar,03:35:45
128,129,30157,Matthew Mehalko,03:35:49
129,130,30638,Garrett Bauman,03:35:52
130,131,30323,Brian Hoffart,03:35:55
131,132,30314,Trever Griswold,03:36:01
132,133,30704,Nicole Gillis,03:36:03
133,134,30207,Meredith Smith,03:36:09
134,135,30506,Wesley King,03:36:11
135,135,30381,Scott Wloszczynski,03:36:11
136,137,30590,Daniel Pluard,03:36:13
137,138,30210,Molly Cohen,03:36:16
138,138,30190,Ryan Kelch,03:36:16
139,140,30309,Beau Westpfahl,03:36:21
140,141,30222,Brad Barcusky,03:36:22
141,142,30484,Amanda Sonnenberg,03:36:28
142,143,30515,Bob Cline,03:36:29
143,144,30450,Danica Kusanovic,03:36:35
144,145,30603,Matt Rubino,03:36:53
145,146,30088,Vance Benson,03:36:54
146,147,30134,Alexander Mclain,03:36:58
147,148,30427,Virgilio Larralde,03:37:06
148,148,30071,Kyle Miller,03:37:06
149,150,30458,Julie Boll,03:37:09
150,151,30160,Bonnie Ritchotte,03:37:25
151,152,30141,Dwayne Novak,03:37:34
152,153,33517,Kurtis Kowalski,03:38:04
153,154,30186,Paul Carlson,03:38:16
154,155,33486,Benjamin Mccullough,03:38:46
155,156,30680,Erik Stephan,03:39:03
156,157,30750,Nathaniel Szidik,03:39:04
157,158,30336,William Moore,03:39:19
158,159,30233,Daryl Davis,03:39:33
159,160,30294,Lori Knights,03:39:44
160,161,30100,Dan Moffit,03:39:45
161,162,33514,Sean Meier,03:39:48
162,163,30301,Hunter Clarke,03:39:49
163,164,30605,Jacob Crowell,03:39:55
164,165,30758,Elliot Heath,03:40:13
165,166,30293,William Bradshaw,03:40:16
166,167,31065,Adele Unneberg,03:40:34
167,168,30498,Gabrielle Giessen,03:40:42
168,169,30662,Eric Ellwood,03:40:57
169,170,30468,Joan Dinsmore,03:40:58
170,171,30319,Ryan Velau,03:41:08
171,172,30433,Darrell Black,03:41:14
172,173,30658,Amy Hartlieb,03:41:19
173,174,30579,Scott Smith,03:41:24
174,175,30681,Stuart Mcdonald,03:41:30
175,176,30154,Joshua Knickerbocker,03:41:31
176,177,30080,Kyle Milden,03:41:37
177,178,30661,Jamie Cotter,03:41:44
178,179,30445,Jessica Scott,03:41:55
179,179,30522,Samantha Harrison,03:41:55
180,181,30362,Ryan Goldfine,03:42:17
181,181,33454,Alex Judd,03:42:17
182,183,33644,Christina Rivera,03:42:29
183,184,30317,Ben Mclusky,03:42:34
184,185,30471,Kathleen Bond,03:42:46
185,186,32122,Jeff Watson,03:42:53
186,187,30987,Brandon Bernhardt,03:42:57
187,188,30425,Emily Stewart,03:42:58
188,189,30223,Katie Van Arendonk,03:43:01
189,190,33489,Vance Poss,03:43:02
190,191,31001,John Denoma,03:43:09
191,192,31199,James Booth,03:43:33
192,193,30087,Paul Hanly,03:43:35
193,194,33458,Patrick Hogeboom,03:43:36
194,195,30578,Erin Glazier,03:43:48
195,196,30379,Grant Nicholson,03:43:51
196,197,33464,David Harvey,03:43:53
197,198,30449,Eduardo Pi,03:43:59
198,199,31388,Pablo Marchant,03:44:19
199,200,33471,Ron Chapman,03:44:26
200,201,30133,Colton Staab,03:44:31
201,202,30475,Jason Pettit,03:44:35
202,203,30300,Maria Jugan,03:44:41
203,204,33656,Matt Hawkins,03:44:53
204,205,31008,Steven Jones,03:44:55
205,206,30350,Marlon Quitos,03:44:57
206,207,30127,Kenneth Roberts,03:45:03
207,208,30699,Michael Hunt,03:45:04
208,209,30105,Nick Eccher,03:45:12
209,210,30641,Mark Davenport,03:45:16
210,211,30185,Lorena Jaime,03:45:18
211,212,30668,Pat Simmons,03:45:24
212,213,30460,Kevin Gerteisen,03:45:27
213,214,30390,Michael Obermayer,03:45:28
214,215,33550,Bennett Diaz,03:45:54
215,216,30305,Melissa Kuzma,03:46:01
216,217,30755,Morganne Cook,03:46:07
217,218,31235,Severine Mutti,03:46:13
218,218,30150,Andy Casto-Waters,03:46:13
219,220,31871,Holly Barrett,03:46:22
220,221,30168,Jesse Fenton,03:46:24
221,222,30053,Ian Gilchrist,03:46:43
222,223,30333,Andy Ross,03:46:47
223,224,30776,Stephen Bohn,03:46:49
224,225,30354,Claire Wilson,03:46:58
225,226,31181,Jacob Zalewski,03:47:07
226,227,30679,Julie Thibodeau,03:47:09
227,228,33475,Matthew Moshyedi,03:47:13
228,229,30440,Sebastian Schneider,03:47:29
229,230,30443,David Sanchez,03:47:35
230,231,31223,Joshua Gurka,03:47:38
231,232,31356,Ariel Phillips,03:47:49
232,233,30787,Brian Thomas,03:48:04
233,234,30615,Richard Hall,03:48:53
234,235,30622,Chappel Mccollister,03:48:54
235,236,30708,Nikki Roetman,03:49:01
236,237,30196,Jinhong Liu,03:49:09
237,238,31304,Olivia Overley,03:49:11
238,239,30657,Elynn Kann,03:49:19
239,240,30593,Grace Ouellette,03:49:21
240,241,30487,Scott Settle,03:49:35
241,242,30212,Anthony Gibson,03:50:07
242,243,30646,Meade Fogel,03:50:18
243,244,31310,Matthew Armstrong,03:50:28
244,245,32250,Justin Manry,03:50:31
245,246,33483,Todd Allen,03:50:34
246,247,30734,Muna Rodriguez,03:50:45
247,248,30794,Luke Tuttle,03:50:50
248,249,30363,Drew Prentice,03:50:51
249,250,30435,Clint Brosmer,03:50:58
250,251,30240,Tori Domico,03:51:06
251,252,33540,Karl Bailey,03:51:09
252,253,30428,Maeve Whelan-Wuest,03:51:23
253,254,30975,Mingfeng Bai,03:51:27
254,255,30503,Isabelle Mcleod,03:51:32
255,256,30629,Melissa Boothe,03:51:39
256,257,30202,Forrest Orme,03:51:48
257,258,33457,Robert Reagan,03:51:49
258,259,31191,Emily Tseffos,03:51:50
259,260,30709,Jim Sanders,03:52:01
260,261,30418,Evan Fortune,03:52:07
261,262,30237,Eric Johnson,03:52:21
262,263,30650,Scott Trousdale,03:52:35
263,264,33496,Christa John,03:52:39
264,265,30695,Landin Mathison,03:52:43
265,266,30189,Conor Kelch,03:52:48
266,267,30339,Diane Kenna,03:52:52
267,268,31209,Deanne Blas,03:53:08
268,269,30649,Casey Lowery,03:53:09
269,270,33465,Nikki Harvey,03:53:12
270,271,30041,Scott Porter,03:53:14
271,272,31029,Michele Marcus,03:53:15
272,273,33497,John Goodman,03:53:18
273,274,30887,Naomi Ryan,03:53:27
274,275,33455,Lauren Terrell,03:53:29
275,276,30756,Lon Rathmell,03:53:37
276,277,30366,Claire Fernandez,03:53:40
277,277,30469,Kate Lewis,03:53:40
278,279,33527,Joshua Collier,03:53:47
279,280,30835,Travis Johnson,03:53:49
280,281,30558,Alan Pettit,03:53:50
281,282,30436,Matt Windham,03:53:51
282,283,30218,Robert Reynolds,03:53:57
283,284,30672,Maria Hineline,03:54:08
284,285,30976,Phuong Thai,03:54:10
285,285,30518,Cody Lee,03:54:10
286,287,30173,Guido Chichierchia,03:54:17
287,288,31155,Lisa Donchak,03:54:23
288,288,30241,Rocco Henderson,03:54:23
289,290,33714,Alfred Tello,03:54:28
290,291,30302,Randolph Grant,03:54:47
291,292,31166,Joe Aaron,03:54:48
292,293,30299,Scott Huston,03:54:49
293,294,30193,Aaron Hawkins,03:55:07
294,295,30770,Phillip Kurchack,03:55:09
295,295,30393,Roderick Scott,03:55:09
296,297,30151,Jeff Furst,03:55:16
297,298,30762,Cristy Meining,03:55:29
298,299,30358,John Flint,03:55:30
299,300,31202,Jay Earich,03:55:31
300,301,30588,Kat Sattele,03:55:38
301,302,31306,Casey Gallaher,03:55:39
302,303,30438,Tracey Jackson,03:55:56
303,304,30691,Koon Wan,03:55:57
304,305,30177,John Jacobson,03:56:05
305,306,30636,Gregory Flanagan,03:56:10
306,307,30818,Jonathan Radwan,03:56:12
307,308,30742,Robert Villwock,03:56:15
308,308,31496,Tyler Woitkowski,03:56:15
309,308,31365,Nicholas Lazzara,03:56:15
310,311,30773,Mark Schmidt,03:56:24
311,312,31991,David O'Rourke,03:56:31
312,313,30781,Adam Lord,03:56:35
313,313,31122,Jerry Miller,03:56:35
314,315,30673,Tony Spake,03:56:44
315,316,30550,Jean Pierre Rostren,03:56:45
316,317,31014,Paul Hickey,03:56:47
317,318,30761,Magdaliene Deline,03:56:51
318,319,31156,Peter Schichtel,03:56:52
319,320,30684,Matthew Milam,03:56:57
320,321,30194,Ryan Davis,03:56:58
321,322,30898,Austin Brunhoeber,03:57:14
322,323,31507,Jessica O'Mahoney,03:57:15
323,324,30178,Matthew Pohorilak,03:57:19
324,325,31336,Brittney Duffy,03:57:25
325,325,30705,Greg Dunn,03:57:25
326,327,30517,Stefani Briere,03:57:32
327,327,33482,April Allen,03:57:32
328,329,30130,Sullivan Edwards,03:57:34
329,330,30225,Laura Romaine,03:57:36
330,331,30432,Megan Conroy,03:57:41
331,332,30312,Steven Meyer,03:57:50
332,333,30447,Andrea Starinsky,03:57:53
333,334,31158,Stephanie Gogots,03:57:57
334,335,31495,Kevin Murphy,03:57:59
335,336,31570,Hampton Lott,03:58:01
336,337,31518,Dorothy Butler,03:58:02
337,338,31735,Irene Hamm,03:58:05
338,339,31296,Ben Bass,03:58:09
339,340,30774,Christopher Wray,03:58:11
340,341,30448,Matthew Sebens,03:58:14
341,341,30386,Erin Zerth,03:58:14
342,343,31091,Aric Thorne,03:58:22
343,344,30800,Joshua Nelkin,03:58:25
344,345,31604,Landon Stubblefield,03:58:31
345,346,30396,Jamie Saunders,03:58:32
346,347,30640,Stacey Malcolmson,03:58:36
347,348,30969,Jered Haynor,03:58:38
348,349,33681,Barrett Holder,03:58:51
349,350,30598,Taylor Romine,03:58:54
350,351,30483,Steven Hubbard,03:58:59
351,352,31274,Spencer Blakely,03:59:01
352,353,31269,David Salge,03:59:04
353,354,31259,Sara Casciano,03:59:13
354,355,31033,Miriam Gutman,03:59:19
355,356,30771,Kathleen Fusco,03:59:22
356,357,31850,Andrea Perreault,03:59:27
357,358,30759,Kristin Gamble,03:59:32
358,359,30612,Greg Beckerle,03:59:33
359,360,30628,Anthony Steele,03:59:37
360,361,30308,Amy Eddy,03:59:39
361,362,31936,Carl Adams,03:59:44
362,363,31307,Sam Hughes,03:59:53
363,364,30694,Brett Fetter,03:59:59
364,364,31660,Tyler Dixon,03:59:59
365,366,32444,Stormy Speaks,04:00:02
366,367,30486,Dave Taylor,04:00:06
367,368,31289,Koji Kawabata,04:00:14
368,369,30749,Tony Wolniakowski,04:00:15
369,370,30479,Andy Nye,04:00:16
370,371,31453,Tanya Ratcliff,04:00:17
371,371,31454,Jordan Diegmueller,04:00:17
372,373,31837,Jyssica Miller,04:00:21
373,374,30511,Gustavo Mendez,04:00:25
374,375,30601,Justin Allen,04:00:27
375,376,30823,Brandi Nowicki,04:00:39
376,377,30715,Kenny Johnson,04:00:44
377,378,31929,Peter Davis,04:00:47
378,379,30491,Jared Kincaid,04:01:00
379,380,31548,Gregory Pape,04:01:19
380,381,30890,Fernando Marquez,04:01:20
381,382,30744,Joseph White,04:01:24
382,383,31027,John Brechbill,04:01:28
383,383,30307,Jake Cronin,04:01:28
384,385,30617,Greg Walker,04:01:41
385,386,33522,Kiyoka Panichvatana,04:01:43
386,386,30836,Tamara Kasper,04:01:43
387,388,30337,Alejandro Burgos,04:01:49
388,389,30627,Yanni Lambropoulos,04:02:00
389,390,32107,Alexander Guerrero,04:02:05
390,391,31151,Danielle Cosco,04:02:10
391,392,30594,Tara Bailes,04:02:21
392,393,31054,Megan Cohan,04:02:22
393,394,31253,Clayton Phillips,04:02:24
394,395,30831,Allison Taylor,04:02:26
395,396,31333,Matt Walberg,04:02:29
396,397,30470,Laura Dowek,04:02:33
397,398,30740,Matias Weikert,04:02:37
398,399,30727,Chris Fox,04:02:49
399,399,33515,Jeffrey Bliss,04:02:49
400,399,31138,Rosie Arellano,04:02:49
401,402,30769,Maria Dean,04:03:17
402,403,32113,Jennifer Gehrin,04:03:22
403,404,30807,Trisha Armstrong,04:03:23
404,405,30318,Robbie Berger,04:03:24
405,406,31359,Nick Marshall,04:03:26
406,407,30341,Chris Riser,04:03:27
407,408,30232,William Horn,04:03:30
408,409,31589,Gary Shelnutt,04:03:38
409,410,30767,Brendan Knoblauch,04:03:42
410,411,30560,Paul Bradbury,04:03:45
411,412,30846,Gary Nichol,04:03:56
412,413,30296,Chris Schuer,04:03:58
413,413,31110,Katie Johnson,04:03:58
414,415,30798,Clee Malfitano,04:04:03
415,416,30674,Gisella Pere,04:04:12
416,417,31120,Jason Cook,04:04:17
417,418,30146,Chad Carpenter,04:04:19
418,419,33600,Elizabeth Messineo,04:04:28
419,420,30711,Aimee Heckman,04:04:34
420,421,30119,Patricio Hidalgo,04:04:37
421,422,30397,Dean Martin,04:04:54
422,423,31560,Haley Kesterson,04:05:02
423,424,31106,Jeffrey Johnson,04:05:09
424,425,33510,Tyler Younghouse,04:05:21
425,425,31352,Brady Watson,04:05:21
426,427,31464,Philip Leisy,04:05:36
427,427,31943,Richard Vestal,04:05:36
428,429,30977,Robert Allen,04:05:49
429,430,31434,Natascha Leitner,04:05:53
430,431,31999,Jeremy Johnson,04:05:54
431,432,31353,Brian Donaldson,04:06:00
432,432,31876,Arthi Krishnan,04:06:00
433,434,31143,Brad Andis,04:06:04
434,435,31218,John Winborn,04:06:12
435,436,31373,Darcie Brodsky,04:06:41
436,437,31562,Meggie Komar,04:06:49
437,438,31423,Anthony Rosso,04:06:53
438,439,30104,Kelsey Otten,04:07:02
439,440,30956,Mandy Grimshaw,04:07:05
440,441,31389,Firmo Demelo,04:07:06
441,441,30500,Erin Willis,04:07:06
442,443,30184,Taylor Christiansen,04:07:12
443,444,33494,Michael Crosby,04:07:13
444,445,30900,Amanda Binkley,04:07:22
445,446,30476,Katarina Von Lehmden,04:07:32
446,447,30581,Lorelei Raymundo,04:07:33
447,448,30504,Kyle Moritz,04:07:34
448,449,31297,Terese Grondin,04:07:35
449,450,31169,Mark Reyes,04:07:38
450,451,31438,Renee Gould,04:07:52
451,452,31420,Sean Baum,04:08:03
452,453,31262,Chad Appleton,04:08:04
453,454,33669,Jessie Lynch,04:08:09
454,455,31300,Megan Jepson,04:08:10
455,456,31584,Wendy Dunevant,04:08:18
456,457,33645,Stefanie Garrity,04:08:24
457,458,30702,Grant Donath,04:08:36
458,459,30609,Hannah Mincey,04:08:37
459,460,31413,Rachel Hartman,04:08:52
460,461,30508,Tsutomu Takeda,04:09:16
461,462,32109,Jessica Salgado,04:09:18
462,463,31220,Alexander Shinar,04:09:23
463,464,30523,Elena Harmon,04:09:25
464,465,30757,Cody Seely,04:09:32
465,466,30971,Lindsay Harroff,04:10:01
466,467,30733,Trent Fordham,04:10:02
467,467,31940,Alexander Jackson,04:10:02
468,469,33502,Timothy Lewendon,04:10:03
469,470,30652,Phillip Durity,04:10:07
470,470,31920,Sean Courser,04:10:07
471,470,30344,Priya Pappu,04:10:07
472,473,31140,Kelsey Guglielmi,04:10:08
473,474,30689,Micah Clemons,04:10:11
474,475,31064,Gilbert Quioan,04:10:13
475,475,31175,Alaina Buchwald,04:10:13
476,477,33504,Allison Morris,04:10:22
477,478,30718,Jesse Riley,04:10:23
478,479,31217,Steven Sinclair,04:10:26
479,480,33350,Christopher Romanoski,04:10:27
480,481,30743,Jennifer Gurski,04:10:33
481,482,33490,Jason Haas,04:10:37
482,483,30748,Hoa Schober,04:10:48
483,483,30751,Michael Pangallo,04:10:48
484,485,32111,Monica Marcela Canas,04:10:50
485,486,30909,Araminta Ray,04:10:52
486,486,33446,Mackenzie Dysinger,04:10:52
487,488,30407,Wes Denney,04:10:54
488,488,30481,Cayla Pusey,04:10:54
489,490,33684,Matthew Farrell,04:10:58
490,491,32046,Adam Goodman,04:11:03
491,492,30332,Coral Wiebe,04:11:05
492,493,30257,Soren Wakelin,04:11:06
493,494,30955,Brian Suh,04:11:07
494,495,30231,Larry Brittan,04:11:08
495,496,33535,Skylar Dejesus,04:11:10
496,496,31461,Addison Britton,04:11:10
497,498,30566,Alyssa Morrison,04:11:12
498,499,30526,Julia Norton,04:11:16
499,500,31448,Nikki Calkins,04:11:23
500,500,33706,Aine Corridon,04:11:23
501,502,31078,Ryan Monteleone,04:11:33
502,502,31649,Abbey Head,04:11:33
503,504,33560,Ben Rosa,04:11:39
504,505,31409,Michelle Pernat,04:11:40
505,505,31547,Brian Furao,04:11:40
506,507,30496,Scott Siersma,04:11:41
507,508,30814,Tim Petro,04:11:42
508,509,30335,Justin Bryan,04:11:49
509,510,30692,Mary Costello,04:11:59
510,510,30778,W. Daniel Costello Jr.,04:11:59
511,512,32103,Adam Hodges,04:12:01
512,513,33478,J.C. Anderson,04:12:02
513,514,30275,David Cornell,04:12:05
514,515,32066,Ariana Vaisey,04:12:07
515,516,32232,Sarah Graves,04:12:18
516,517,31270,John Edwards,04:12:22
517,518,30330,Brian Tober,04:12:24
518,519,31210,Mathias Mortenson,04:12:25
519,520,31292,Jason Alaniz,04:12:27
520,521,31988,Rebekah Good,04:12:34
521,522,31044,Tim Mittan,04:12:49
522,523,33481,Hannah Burnette,04:12:50
523,524,33143,Nathan Alley,04:12:52
524,525,30169,Eric Lozick,04:12:53
525,526,30263,Ahmad Alammuri,04:12:54
526,527,30574,Sherry Peterson,04:12:55
527,528,33459,Israel Sandoval,04:12:57
528,529,30543,Nicole Piquero,04:13:03
529,530,30279,Jasser Mahmoud,04:13:05
530,531,30986,Quinn Williams,04:13:16
531,532,30669,Solomon Jeong,04:13:24
532,533,33674,Timothy Phillips,04:13:25
533,534,30276,Emily Cornell,04:13:28
534,535,31439,Sandra Therrien,04:13:38
535,536,30775,Kristin Nelson,04:13:46
536,537,30940,Chad Mckissick,04:13:52
537,538,31581,Josh Green,04:13:59
538,539,33648,Cami Holland,04:14:03
539,540,32570,Sophia Guzzo,04:14:05
540,541,31556,Brittany Morrow,04:14:07
541,542,30101,Emerson Smith,04:14:08
542,543,32006,Megan Wilkins,04:14:10
543,544,32097,Bailey Davidson,04:14:15
544,545,32012,Kaitlyn Jones,04:14:16
545,546,30725,Paul Bergman,04:14:23
546,547,30714,Adam Stadel,04:14:24
547,548,31597,Joao Pagan,04:14:27
548,549,33467,Brooke Groff,04:14:29
549,550,30215,Donald Stover,04:14:43
550,551,30572,Christine Altrock,04:14:52
551,551,31539,Mia Pecora,04:14:52
552,553,31490,Koriann Lance,04:14:54
553,554,31640,Kelsa Debrabant,04:14:56
554,554,30355,Donald Hilton,04:14:56
555,556,33513,Nick Bussell,04:15:17
556,557,31211,Nick Hagemeier,04:15:23
557,557,31212,Molly Hagemeier,04:15:23
558,557,31910,Michael Averill,04:15:23
559,560,33524,Stephen Reed,04:15:32
560,561,31150,Racheal Ballard,04:15:35
561,562,31857,Greg Kampman,04:15:37
562,563,30944,Heini Tallent,04:15:39
563,564,31410,Amy Rollins,04:15:55
564,565,30943,Travis Lanier,04:16:06
565,566,31478,Andre' Page,04:16:08
566,566,31753,Eric Yeats,04:16:08
567,568,30370,Benjamin Weber,04:16:10
568,569,30806,Mari Woodton,04:16:26
569,570,32186,Bethany Heaman,04:16:31
570,571,30400,Abbie Nelson,04:16:37
571,572,30592,Dusty Brown,04:16:43
572,573,31160,Anne Grumbine,04:16:46
573,574,30083,Cheko Waters,04:16:47
574,574,31144,Samuel Baker,04:16:47
575,576,31042,Christopher Wiggs,04:16:49
576,577,30295,Megan Sunderland,04:16:57
577,578,31816,Allie Townshend Peña,04:17:07
578,579,31565,Toby Jenkins,04:17:09
579,580,32249,Michelle Sackman,04:17:12
580,580,32201,Nathan Cross,04:17:12
581,582,31609,Patricia Amorado,04:17:13
582,583,31229,Zack Box,04:17:18
583,584,30728,Jennifer Barden,04:17:24
584,585,31215,Joshua Denney,04:17:26
585,586,30826,Kenneth Schafer,04:17:29
586,586,31358,Miles Snelgrove,04:17:29
587,588,30786,Brittany Fruin,04:17:30
588,589,31661,Enrique Lopez,04:17:35
589,590,30903,Ryan Kelly,04:17:39
590,591,30838,Alyssa Esber,04:17:40
591,591,31954,Derek Thiele,04:17:40
592,593,31089,Whitney Mitchell,04:18:02
593,594,31271,Kristy Amerson,04:18:08
594,595,30811,Heather Sims,04:18:10
595,596,31436,Jacob Fischer,04:18:11
596,597,31656,Lindsey Urish,04:18:21
597,598,30954,Kristina Smithe,04:18:26
598,599,32144,Meghan Gallagher,04:18:33
599,600,30488,Kelly Farrow,04:18:36
600,600,30489,Steve Farrow,04:18:36
601,600,30097,[email protected] Delozier,04:18:36
602,603,33492,Victor Kunze,04:18:40
603,603,31285,Michael Mau,04:18:40
604,605,30685,Carlos Mancilla,04:18:43
605,606,31294,Creighton Kellum,04:18:52
606,607,31225,Marlene O'Laney,04:18:55
607,608,31652,Jennifer Leeper,04:19:02
608,609,32456,Brenda Brawley,04:19:06
609,610,31207,Patrick Corley,04:19:12
610,611,30625,Joe Sernett,04:19:15
611,612,30473,Christopher Gworek,04:19:19
612,613,31561,Kristin Shaffer,04:19:27
613,614,31852,Stephanie Sigmond,04:19:30
614,614,31095,Lorin Shimonek,04:19:30
615,616,30731,Brenna Lakeson,04:19:42
616,617,33637,Mauricio Sotelo,04:19:47
617,617,33613,Donald Lipper,04:19:47
618,619,31977,Jake Estienne,04:20:04
619,620,32892,Lottie Barton,04:20:22
620,621,30990,Emily White,04:20:28
621,622,33646,Deborah Gilligan,04:20:30
622,622,30505,Eric Kingara,04:20:30
623,624,31976,Jessica Wheeler,04:20:38
624,625,30421,Megan Sykes,04:20:42
625,625,31383,Ignacio Alvarado,04:20:42
626,627,30573,Lisa Prevedel,04:20:49
627,628,33536,Shane Schroeder,04:20:51
628,629,31765,Stephanie Unekis,04:20:52
629,630,31875,Olivia Bock,04:20:54
630,631,30611,Chris Bain,04:20:56
631,632,33719,James Marchesani,04:21:00
632,633,33531,Morgan Lawler,04:21:01
633,633,33477,Jed Henry,04:21:01
634,635,30768,Bethany Mills,04:21:03
635,636,31372,Cecilia Arango,04:21:04
636,637,31196,Angie Rieger,04:21:09
637,638,33575,Jeffrey Hodge,04:21:18
638,639,30345,Christopher Sexton,04:21:30
639,640,31246,Michael Bauman,04:21:33
640,641,30793,Chad Crawley,04:21:41
641,642,30464,Matt Southcott,04:21:46
642,643,31111,Taylor Hidalgo,04:21:50
643,644,32536,Michael Schiebout,04:21:54
644,644,33456,Steve Troxel,04:21:54
645,646,33511,Keith Hoelzeman,04:22:03
646,647,30994,Michael Reddish,04:22:05
647,648,31295,Bob Farris,04:22:06
648,649,31522,Randy Mccloud,04:22:10
649,650,31521,Mckenzie Mccloud,04:22:11
650,651,30653,Sean Burns,04:22:12
651,652,32722,Cameron Snook,04:22:17
652,653,30610,Iliana Osterholt,04:22:19
653,654,31600,Shannon Keller,04:22:23
654,655,31510,Ariel Robinson,04:22:25
655,656,30583,Caitlin Reilly,04:22:27
656,657,30856,Wendy Blank,04:22:31
657,658,31096,Tristan Perry,04:22:33
658,659,31273,Pedro Madeira,04:22:41
659,660,31020,Mark Schenkel,04:22:44
660,661,31566,Butch Whitworth,04:22:51
661,662,31475,Blake Cortner,04:22:53
662,663,31387,Rachel Padalino,04:22:56
663,664,31430,Arial Ruble,04:22:58
664,665,31327,Daniel Mccaslin,04:23:04
665,666,33703,John Jones,04:23:05
666,667,30361,Chase Hoyt,04:23:08
667,668,31611,Joanna Libby,04:23:13
668,669,31650,Stephanie Kurchack,04:23:25
669,670,30264,Michael Passaro,04:23:30
670,671,30643,Christian Yonkoski,04:23:38
671,672,33104,Chase Snider,04:23:40
672,673,30933,Jared Matsunaga,04:23:41
673,674,30334,Chris Stotler,04:23:54
674,675,31426,Torrey Wiley,04:24:02
675,676,30712,Katrin Sames,04:24:07
676,676,31417,Brian Pranske,04:24:07
677,678,31971,Jacob Simpson,04:24:12
678,679,31809,Teresa Osgood,04:24:13
679,680,30552,Juraj Maksi,04:24:14
680,680,30842,Jill Ryan,04:24:14
681,682,31350,Stephen Jernigan,04:24:17
682,683,30589,Kenneth Frazier,04:24:23
683,684,31311,Ryan Houthoofd,04:24:25
684,685,31012,Bradley Rodgers,04:24:33
685,686,31147,Melissa Spahar,04:24:36
686,687,32202,Matt Gould,04:24:40
687,688,31908,Joshua Carlucci,04:24:41
688,689,30732,Chris Hall,04:24:43
689,690,32187,Scott Benson,04:24:47
690,691,30637,Ashley Lureen,04:24:49
691,692,31368,Evan Brown,04:24:54
692,693,32196,Laura Winalski,04:24:58
693,693,31491,Kaitlin Heck,04:24:58
694,693,30424,Jamie Schuer,04:24:58
695,693,31939,Stephanie Shipley,04:24:58
696,697,30516,Lauro Ortiz,04:25:03
697,698,30896,Lee Schmidt,04:25:04
698,699,31418,Sheryl Lewis,04:25:06
699,699,31534,Paul Barbeau,04:25:06
700,701,30398,Tony Giannone,04:25:11
701,702,31441,Timothy Scott,04:25:18
702,703,31238,Heather Smith,04:25:26
703,703,31500,Jennifer Bauer,04:25:26
704,705,30979,Clay Dolatowski,04:25:30
705,706,33500,Kevin Horrigan,04:25:36
706,707,517,Dan Albert,04:25:38
707,708,33639,Marla Albert,04:25:40
708,709,31364,Chris Hegwood,04:25:47
709,710,31047,Amy Cook,04:25:49
710,711,33638,Patrick Paolini,04:25:52
711,712,30404,Ian Shoup,04:25:55
712,713,30499,Trace Cline,04:25:56
713,714,30291,Garrett Davis,04:26:02
714,715,30639,David Martinez-Bulla,04:26:03
715,716,32124,Patrick Neuman,04:26:04
716,717,31338,Chris Miller,04:26:05
717,718,32056,Kyle Feeley,04:26:07
718,719,31163,Elizabeth Webb,04:26:17
719,720,30951,Jennifer Drury,04:26:19
720,721,31119,Kelsey Smith,04:26:21
721,722,30764,Stephen Dunkley,04:26:24
722,723,32016,Malachi Gandy,04:26:25
723,724,30567,Kristina Selters,04:26:34
724,725,30726,Sara Schulz,04:26:52
725,726,31447,Erin Haris,04:27:07
726,727,30850,Koji Takeda,04:27:20
727,728,31367,Ankur Lal,04:27:21
728,729,31701,Wyatt Surbey,04:27:23
729,729,31243,Allison Taylor,04:27:23
730,731,33538,Luca Mandrioli,04:27:24
731,732,32161,Carly Chianese,04:27:25
732,733,31406,Dave Sullivan,04:27:28
733,734,32047,James Greer,04:27:36
734,735,31429,Sean Smith,04:27:39
735,736,30537,Art Blanchford,04:27:50
736,737,31440,Cindy Akins,04:27:52
737,738,32085,Beth Gartland,04:27:55
738,738,31885,William Gunn,04:27:55
739,740,31878,Allison Gough,04:28:04
740,741,31545,Stephanie Sokolowski,04:28:05
741,742,30686,Ericca Whitt,04:28:15
742,743,31374,Brittney Mcdaniel,04:28:19
743,744,31125,Grace Sims,04:28:23
744,745,31567,Dennis Norman,04:28:30
745,746,30754,Charles Newnam,04:28:31
746,747,30524,Greg Burress,04:28:33
747,748,32112,Bibiana Rincon,04:28:37
748,749,30618,Greg Van Patten,04:28:38
749,750,30026,John Ramsay,04:28:45
750,751,30191,Ronald Woodall,04:28:54
751,752,31264,Stacy Gagne,04:29:00
752,752,30832,Theresa Lyon,04:29:00
753,754,31244,Lierin Rossman,04:29:02
754,755,31263,Stephen Vought,04:29:08
755,756,33521,Leah Holsclaw,04:29:19
756,757,31697,Megan Welu,04:29:20
757,757,31530,Elizabeth Brown,04:29:20
758,759,31432,Wesley Tyus,04:29:32
759,760,30783,Patrick Wilkens,04:29:38
760,761,30824,Joel Reader,04:29:42
761,761,31135,Paul Lyons,04:29:42
762,763,31451,Rene Aldrich,04:29:48
763,764,31061,Kimberly Berry,04:29:50
764,765,33548,Kevin O'Connor,04:29:51
765,766,31251,Rebecca Laird,04:29:52
766,767,31532,Keith Weghorst,04:29:54
767,768,33066,Hillary Bendert,04:29:57
768,769,31695,Ranjan Mehta,04:30:15
769,770,30514,Timothy Ford,04:30:16
770,771,33657,Laurie Rice,04:30:19
771,772,33533,Ken Myers,04:30:20
772,773,520,Brett Smith,04:30:34
773,774,31154,Rob Goeckermann,04:30:36
774,775,31148,Kristy Theisen,04:30:52
775,776,33523,Allison Axness,04:30:58
776,776,33529,Nicole Moffitt,04:30:58
777,776,31180,Melissa Hoggard,04:30:58
778,776,33528,Vanessa Foy,04:30:58
779,776,33573,Anne Norsted,04:30:58
780,781,30571,Tommy Condon,04:31:09
781,781,31391,Francine Gibson,04:31:09
782,783,31239,Austin Lively,04:31:11
783,784,32033,Chelsea Walbridge,04:31:13
784,784,32034,Evan Walbridge,04:31:13
785,784,31172,Peter Jourgensen,04:31:13
786,787,30632,Logan Luker,04:31:15
787,788,31966,Gwen Tuck,04:31:27
788,789,32054,Heather Harms,04:31:29
789,790,31568,Sokol Vari,04:31:31
790,790,30377,Jessica Krimmel,04:31:31
791,792,31901,Aaron Mccarley,04:31:32
792,793,31179,Joan Swearingen,04:31:41
793,794,33658,Carl Dunphy,04:31:42
794,795,30553,Joel Wren,04:31:51
795,796,31152,Martin Rochette,04:31:58
796,797,32064,Trevor Kramer,04:32:00
797,797,31004,Kevin Nielsen,04:32:00
798,799,31222,Grant Barrett,04:32:02
799,799,31590,Florence Mcgraw,04:32:02
800,801,33284,Marie Fisher,04:32:20
801,801,31538,Kristi Marcera,04:32:20
802,803,32019,Liz Huntley,04:32:25
803,804,31890,Kristen Long,04:32:29
804,805,33577,Bryce Cosby,04:32:34
805,806,30745,Joey Tappon,04:32:43
806,807,31855,Lisa Johnson,04:32:45
807,807,31886,Marcus Wasilevich,04:32:45
808,809,31250,Caroline Limbaugh,04:32:46
809,810,30837,Sylvia Claire Jaworski,04:32:49
810,811,31524,Alyssa Rysdyk,04:32:51
811,811,31523,Emily Hagerman,04:32:51
812,813,31052,Deb Fleck,04:32:52
813,814,31185,Hannah Plunkett,04:32:58
814,815,31183,Emily Burgett,04:33:10
815,815,31084,Chris Daniel,04:33:10
816,817,32750,Joel Sosebee,04:33:26
817,818,30349,Caroline Ruttenberg,04:33:27
818,819,31452,Tien Nguyen,04:33:41
819,819,32100,Aaron Turley,04:33:41
820,821,30113,Scott Bell,04:33:52
821,822,30663,Tim Powers,04:33:53
822,823,526,Larry Epps,04:33:55
823,824,32746,Emily Hanner,04:33:57
824,825,31921,Mckenzie Renshaw,04:34:06
825,826,32734,Steven Sloan,04:34:07
826,826,32736,Kelsey Shaw,04:34:07
827,828,32568,Brittany Dernberger,04:34:13
828,828,32780,Stephanie Phelps,04:34:13
829,830,31832,Nicole Cochran,04:34:14
830,831,30730,Shawn Loy,04:34:15
831,832,30860,Erin Soedt,04:34:19
832,833,30884,Robert Garza,04:34:24
833,834,32089,Lexa Mclauchlin,04:34:28
834,835,31643,Will Deisley,04:34:32
835,836,32035,Shelby Mitchell,04:34:33
836,836,32083,Marisa Stahl,04:34:33
837,838,30939,Dallas Smith,04:34:37
838,839,30677,Ranae Cirrincione,04:34:42
839,840,32162,Katherine Lew,04:34:45
840,841,31192,Brad Hirsch,04:34:46
841,842,31193,Eve Mills,04:34:49
842,842,33213,Kevin Davenport,04:34:49
843,844,30861,Jeffrey Baumann,04:34:58
844,844,31254,Evan Phillips,04:34:58
845,846,32137,Connally Sasser,04:35:05
846,847,31276,Luis Luevanos,04:35:06
847,848,32244,Sara Kate Harbarger,04:35:07
848,849,31437,Brad Cairns,04:35:08
849,850,32217,Patrick Scully,04:35:21
850,851,31487,Hunter Newby,04:35:22
851,852,31626,Anna Childers,04:35:24
852,853,31214,Morghan Jameson,04:35:33
853,853,31201,Rachael Jameson,04:35:33
854,855,31811,Taylor Randall,04:35:40
855,856,31070,Maxxwell Lebiecki,04:35:42
856,857,30965,Terry Dietzler,04:35:47
857,858,30999,Trista Gunderman,04:35:51
858,859,33501,Chris Strickland,04:35:55
859,860,31424,Thomas Lubeck,04:36:01
860,861,33132,Andrea Burchett,04:36:10
861,862,31658,Karen Wendler,04:36:12
862,863,33586,Konstance Carlisle,04:36:15
863,864,30128,Chris Zborowski,04:36:18
864,865,32716,Kylie Watts,04:36:22
865,865,32714,Megan Wingo,04:36:22
866,867,30666,Joshua Wegner,04:36:24
867,868,31651,Lily Cummings,04:36:25
868,869,30924,Jeremy Smith,04:36:34
869,869,30926,Denise Hiuga,04:36:34
870,869,31870,Regina Hodge,04:36:34
871,872,31187,Christopher Keelan,04:36:39
872,873,31015,Andy Heck,04:36:40
873,874,31334,Brett Stanger,04:36:56
874,875,32205,Anna Harris,04:37:08
875,876,31620,Tina Errthum,04:37:19
876,876,31245,Chris Koverman,04:37:19
877,878,31828,Katherine Didonato,04:37:25
878,879,31937,Erin Cantwell,04:37:26
879,880,32088,Grant Vankirk,04:37:38
880,881,33553,Christa Casey,04:37:46
881,882,31408,Jennifer Adams,04:37:53
882,883,31105,Jake Smrekar,04:38:00
883,883,30946,Mike Lord,04:38:00
884,885,31431,Brandon Ward,04:38:01
885,886,32516,Ryan Gallagher,04:38:04
886,887,31018,Jorge Mendoza,04:38:15
887,888,31428,Lynette Mccloud,04:38:16
888,888,31197,Kristin Johnson,04:38:16
889,890,31233,Jacob Rossman,04:38:18
890,890,31021,Paul Geffken,04:38:18
891,890,31378,Mike Dwyer,04:38:18
892,893,32065,Alex Tolbert,04:38:24
893,893,31216,Natalie Clark,04:38:24
894,895,31195,Erica Veil,04:38:31
895,896,32263,Justina Murphy,04:38:32
896,897,33247,Elizabeth Strom,04:38:56
897,898,32720,Gina Simpson,04:38:59
898,899,30862,Steve Virgo,04:39:00
899,900,31098,Carrie Terlecky,04:39:02
900,901,31302,Taylor Howard,04:39:04
901,902,31031,Frank Lopez,04:39:08
902,903,32121,Katie Auld,04:39:10
903,904,31687,Shanna Monahan,04:39:13
904,904,32171,Lydia Rialland,04:39:13
905,906,32053,Vic Duggan,04:39:16
906,907,31200,Catherine Roebuck,04:39:18
907,908,32069,Barry Hurst,04:39:20
908,909,33720,Garrett Aune,04:39:23
909,910,33507,Jeff Teeters,04:39:27
910,911,31422,Preston Campbell,04:39:29
911,911,31203,Brooke Campbell,04:39:29
912,913,31283,Chris Gaffney,04:39:35
913,914,30244,Hannah Beasley,04:39:43
914,915,30966,Jaclyn Serafin,04:39:57
915,916,31923,Christopher Heltzel,04:39:58
916,917,30972,Ann Sauer,04:40:04
917,918,32946,Lauren Keyandwy,04:40:06
918,919,525,Gerald Tarlton,04:40:08
919,920,32958,Christy Benningfield,04:40:11
920,920,31435,Connie Clarke,04:40:11
921,920,31230,Darryl Pea,04:40:11
922,923,30991,Paul Rolland,04:40:12
923,924,30789,Monica Espey,04:40:20
924,925,31072,Allie Parker,04:40:44
925,926,32127,John Renfroe,04:40:47
926,927,30810,Danny Sarnowski,04:40:50
927,928,30989,Pablo Ignacio Rodriguez Gonzalez,04:40:53
928,929,33555,Luke Catledge,04:41:04
929,930,30683,Brenton Graham,04:41:06
930,931,30012,Holly Friedlander,04:41:07
931,931,30654,Erin Mick,04:41:07
932,931,31678,Nicole Olson,04:41:07
933,934,33509,Jonathan Krebs,04:41:08
934,935,33188,Shane Malek,04:41:10
935,936,31525,Scott Litwin,04:41:14
936,937,32086,Garrett Maiolo,04:41:16
937,938,32039,Phil Hunt,04:41:25
938,938,32043,Dave Thibodeau,04:41:25
939,940,31247,Andrew Currier,04:41:28
940,941,31040,Rich Demarais,04:41:31
941,941,31384,Todd Fipps,04:41:31
942,943,32308,Bea Benavides,04:41:35
943,944,31849,Miguel Anguiano,04:41:37
944,945,31520,Stephanie Nidiffer,04:41:39
945,945,31234,Cole Griffin,04:41:39
946,945,31335,Ashley Dicks,04:41:39
947,948,31319,Grace Bennett,04:41:46
948,949,30777,Ev Reb,04:41:47
949,950,32008,Dana Devore,04:42:03
950,951,31826,Monica Smith,04:42:05
951,952,30478,Ashley Baltes,04:42:06
952,953,31789,Sinead Mclaughlin,04:42:10
953,954,32756,Kyle Kraemer,04:42:13
954,955,32220,Morgan Markley,04:42:31
955,956,33584,Jane Carlisle,04:42:50
956,957,31433,Ryne Stokes,04:42:51
957,958,31124,Justin Stewart,04:42:54
958,959,31090,Tori Levy,04:42:55
959,960,32300,Linsey Timen,04:42:56
960,961,30597,Amanda Dale,04:43:02
961,961,31618,Brad Piepenbrink,04:43:02
962,963,31698,Anthony Southerland,04:43:11
963,964,32158,Erick Shultz,04:43:14
964,964,31684,Rachel Baxter,04:43:14
965,966,31227,Amy Blum,04:43:16
966,967,31742,Hannah Bibb,04:43:17
967,968,31734,John Rach,04:43:18
968,969,31275,James Mcnichols,04:43:23
969,970,32007,Lynn Roberts,04:43:35
970,971,31864,Abby Depriest,04:43:37
971,972,30660,Nathan Nooner,04:43:46
972,972,31654,Allison Shartzer,04:43:46
973,974,31833,Fernando Avalos,04:43:48
974,975,30676,Natalie Converse,04:43:51
975,976,31076,Donna England,04:43:56
976,977,30206,Robert Storey,04:43:57
977,978,32200,Shawn Walsh,04:43:58
978,979,30548,Mark Scrivner,04:44:05
979,980,32164,Renee Sannan,04:44:07
980,980,30467,Jennifer Priest,04:44:07
981,982,31402,Blair Hollis,04:44:13
982,983,31820,Joey Msall,04:44:16
983,984,30825,Reuben Sliva,04:44:22
984,985,30509,Susan Ashworth,04:44:28
985,986,32165,Nena Guin,04:44:36
986,987,32134,Alan George,04:44:37
987,988,31517,Dolores Lucas,04:44:39
988,989,30525,Dennis Zaborac,04:44:40
989,990,31242,Kirk Gripenstraw,04:44:48
990,991,31248,Tara Adams-Trueblood,04:44:49
991,991,31255,Fred Dummar,04:44:49
992,991,30513,Troy Grimes,04:44:49
993,994,30863,Anders Lindquist,04:44:50
994,995,31258,Rhiana Sherwood,04:44:52
995,996,31213,Neal Gulkis,04:44:57
996,997,30242,Chris Hodges,04:44:58
997,998,31688,Kevin Gunn,04:45:04
998,999,31308,Daisuke Katagiri,04:45:09
999,999,32014,Lindsay Mcsweeney,04:45:09
1000,1001,32084,Sarah Farrow,04:45:11
1001,1001,31555,Scott Boettcher,04:45:11
1002,1003,31133,Isaac Fowler,04:45:18
1003,1003,32228,Nathan Fowler,04:45:18
1004,1005,32021,Jonerik Livingston,04:45:33
1005,1005,32772,Katherine Troxell,04:45:33
1006,1005,32786,Julie Austin,04:45:33
1007,1008,32672,Chelsea Blankinship,04:45:34
1008,1009,32149,Marisa Gonzales,04:45:35
1009,1010,30859,Ryan Lykins,04:45:36
1010,1010,31267,Christopher Groskaufmanis,04:45:36
1011,1012,30803,Julie Landrum,04:45:42
1012,1013,30015,Jennifer Erausquin,04:45:53
1013,1014,31543,Steven Titzer,04:45:56
1014,1015,30596,Randy Harris,04:45:57
1015,1016,30564,Barry Hamilton,04:46:03
1016,1017,31616,Sarah Jurgensmeyer,04:46:10
1017,1018,31002,Sally Denoma,04:46:12
1018,1019,30746,Maggie Pelz,04:46:14
1019,1020,30062,Adam Allie,04:46:15
1020,1021,31646,Kevin Sandall,04:46:18
1021,1022,30817,Ashley Flynn,04:46:28
1022,1023,32229,Amanda Martin,04:46:29
1023,1024,33498,Ricky Krisle,04:46:37
1024,1025,31776,Cindy Thompson,04:46:39
1025,1026,30766,Maxwell Tebos,04:46:44
1026,1027,30829,Samuel Tebos,04:46:45
1027,1027,31219,Jill Tebos,04:46:45
1028,1027,30765,Gabriel Tebos,04:46:45
1029,1030,33542,Dayquan Julienne,04:46:49
1030,1031,30533,Ralph Arvizu,04:46:50
1031,1032,30204,Bradley Thompson,04:47:00
1032,1032,521,Pallie Jones,04:47:00
1033,1034,31508,Abi Gearing,04:47:01
1034,1035,30599,Ryan Morgan,04:47:04
1035,1036,30373,Peter Hunt,04:47:22
1036,1037,30109,Joe Kiley,04:47:29
1037,1038,31880,Anky Lam,04:47:30
1038,1039,33642,Lisa Greenbaum,04:47:41
1039,1040,31317,Katie Hall,04:47:45
1040,1041,31587,Radnee Anib,04:47:47
1041,1042,33581,Luke Diehl,04:47:54
1042,1043,30913,James Pottmeyer,04:47:58
1043,1044,31996,Amanda Miller,04:48:01
1044,1044,33344,Lael Humble,04:48:01
1045,1046,31279,Robert Demaio,04:48:03
1046,1047,31280,Jenny Denkler,04:48:04
1047,1048,31636,Julia Mackendrick,04:48:06
1048,1049,31278,Walter Perry,04:48:07
1049,1050,30855,Kathleen Kelly,04:48:18
1050,1051,31782,Robert Hartley,04:48:25
1051,1052,30359,Curtis Marshall,04:48:29
1052,1053,30306,William Johnson,04:48:44
1053,1054,31894,Bhaviksha Ranchod,04:48:50
1054,1054,31669,Angie Koonin,04:48:50
1055,1054,31865,Zach Lemke,04:48:50
1056,1057,32612,Kimberley Mckenzie,04:48:51
1057,1058,31619,Gwenthian Hewitt,04:48:53
1058,1059,32023,Cheryl Doucette,04:48:56
1059,1060,31670,Nick Alexander,04:49:00
1060,1061,30792,Jon Winchester,04:49:06
1061,1062,31232,Jonathan Nall,04:49:11
1062,1063,32114,Kimberly Knox,04:49:12
1063,1064,32020,Allison Capps,04:49:13
1064,1065,31088,Melissa Katzer,04:49:21
1065,1066,30910,Chad Koyama,04:49:27
1066,1066,31552,Matt Simmons,04:49:27
1067,1068,30752,Anna Jones,04:49:28
1068,1069,32306,William Farner,04:49:37
1069,1070,31401,Kayley Byl,04:49:39
1070,1071,32028,Drew Reynolds,04:49:42
1071,1072,32314,Rachel Clardy,04:49:47
1072,1073,32816,Jonathan Wilson,04:49:48
1073,1074,30901,Jonathan Binkley,04:49:55
1074,1075,31449,Patty Singley,04:50:00
1075,1075,31896,Akihito Ishiwatari,04:50:00
1076,1077,32209,Claudio Chittaro,04:50:02
1077,1078,31006,Paula Carter,04:50:03
1078,1079,31906,Candace Schutt,04:50:04
1079,1080,31057,Bill Hopkins,04:50:06
1080,1081,31774,Lexi Loving,04:50:07
1081,1082,32820,Lori Brown,04:50:09
1082,1083,33547,Frans Tegroen,04:50:10
1083,1084,31637,Bob Cornell,04:50:17
1084,1085,31174,Ionela Halke,04:50:18
1085,1086,30002,Stephanie Plese,04:50:19
1086,1087,31563,Jessica Speers,04:50:29
1087,1088,31956,Stephanie Goeckermann,04:50:32
1088,1089,31081,Ellen Judy,04:50:36
1089,1089,31851,Alexis Melloy,04:50:36
1090,1091,31531,Karen Langer,04:50:40
1091,1092,32030,Anna Danals,04:50:55
1092,1093,32390,Nick Qin,04:50:56
1093,1094,31814,Andrea Griswold,04:51:00
1094,1095,32235,Alayne Klopp,04:51:04
1095,1096,32596,Hao Wang,04:51:05
1096,1097,30849,Ryan Beaird,04:51:06
1097,1097,32176,Aly Beaird,04:51:06
1098,1099,31869,Mary Kay Shigo,04:51:20
1099,1100,33221,Allyson Schuchert,04:51:27
1100,1101,30376,Oryvie Johnson,04:51:32
1101,1101,32240,Mary David,04:51:32
1102,1103,33526,Roberto Mello,04:51:38
1103,1104,30729,Michael Pietrzykowski,04:51:40
1104,1105,31542,Stacy Bagal,04:51:53
1105,1106,30647,Thomas Brim-Edwards,04:52:05
1106,1107,32686,Ben Warren,04:52:07
1107,1108,32077,Amy Frank,04:52:12
1108,1109,30200,Ross Burke,04:52:25
1109,1110,31621,Bart Quale,04:52:28
1110,1110,31411,Mark Halverson,04:52:28
1111,1112,31412,Kendra Halverson,04:52:29
1112,1112,31425,Tim Kotlowski,04:52:29
1113,1114,32317,Jesica Watkins,04:52:38
1114,1115,30297,Jimmy Nicolas,04:52:39
1115,1115,31639,James Shepherd,04:52:39
1116,1117,33593,Bridget Peberdy,04:52:41
1117,1118,31463,Ken Oeser,04:52:46
1118,1119,30895,Jordan Paris,04:52:58
1119,1120,30364,John Johnson,04:53:05
1120,1121,32163,Kimberly Pitts,04:53:20
1121,1122,31445,Bobby Newman,04:53:21
1122,1122,33042,Caroline Davis,04:53:21
1123,1124,31790,Gary Dibble,04:53:26
1124,1124,31208,Cameron Willoughby,04:53:26
1125,1126,538,James Evans,04:53:39
1126,1127,30544,Tim Guider,04:53:40
1127,1128,33394,Kurt Schuettinger,04:53:47
1128,1129,30958,Evan Allie,04:53:51
1129,1130,33064,Lily Albright,04:53:55
1130,1131,32247,Jarrod Cordel,04:54:02
1131,1132,33167,Jeffrey Mercer,04:54:03
1132,1133,33160,Rodney Ragland,04:54:13
1133,1133,31614,Tiffany Yiatras,04:54:13
1134,1135,31784,Karen Stummer,04:54:20
1135,1136,32027,Evan Shinar,04:54:22
1136,1137,31845,Matthew Conwell,04:54:29
1137,1138,31159,Janette Wheeler,04:54:31
1138,1139,30027,Tommy Clark,04:54:37
1139,1140,32258,Chip Rebadow,04:54:41
1140,1141,31017,Holly Huston,04:54:42
1141,1142,32129,Dana Long,04:54:45
1142,1143,31272,Josh Mcquillan,04:54:50
1143,1143,31783,Wendy Christofferson,04:54:50
1144,1145,33565,John Armour,04:54:55
1145,1146,31483,Jamie Yancey,04:54:59
1146,1147,30549,John Strohm,04:55:05
1147,1148,33653,Danny Mogan,04:55:06
1148,1149,31882,Ricky Lam,04:55:08
1149,1149,30982,James King,04:55:08
1150,1151,32190,Mindi Whittaker,04:55:09
1151,1151,31982,Gabby Hernandez,04:55:09
1152,1153,522,Larry Phillips,04:55:18
1153,1154,32117,Isil Smith,04:55:23
1154,1155,31073,David Puck,04:55:28
1155,1156,33556,Mary Gore,04:55:32
1156,1157,31992,Tonya Bradford,04:55:35
1157,1158,31298,Jessica Smiley,04:55:45
1158,1159,31754,Fabio Marri,04:55:46
1159,1160,31913,Joel Mensch,04:55:56
1160,1161,31793,Meghan Marano,04:55:57
1161,1162,32009,Mary Grace Eades,04:55:58
1162,1163,32146,Cyndi Stringham,04:56:01
1163,1164,31549,Scott Foster,04:56:06
1164,1165,33520,Russell Durdunji,04:56:11
1165,1165,31339,Chris Root,04:56:11
1166,1167,32276,Mackenzie Gorthy,04:56:14
1167,1167,32277,Brook Plato,04:56:14
1168,1169,33508,Sota Kibe,04:56:15
1169,1170,30351,Xiaoming Jin,04:56:21
1170,1170,33676,Julia Roseman,04:56:21
1171,1172,31204,Nick Huston,04:56:23
1172,1173,31950,William Weger,04:56:27
1173,1174,30551,Jeremy Greer,04:56:34
1174,1175,32238,George Lien,04:56:36
1175,1176,32266,Michael Flynn,04:56:39
1176,1177,33256,Grace Lee,04:56:41
1177,1178,32706,Samuel Vasquez,04:56:42
1178,1178,31173,Kevin Gerner,04:56:42
1179,1180,31415,Amanda Swerdlow,04:56:45
1180,1181,30701,Patricio Gavilan,04:56:47
1181,1182,31841,Ryan Hathaway,04:56:50
1182,1182,31840,Sarah Fustin,04:56:50
1183,1184,31706,Erin Dahlin,04:56:51
1184,1184,31186,Brian Cotter,04:56:51
1185,1186,31689,Maureen Dunnagan,04:56:52
1186,1187,31874,Chuck Cook,04:57:06
1187,1188,33046,Elizabeth Russell,04:57:11
1188,1189,32102,Lea Parsley,04:57:13
1189,1190,31911,Emily Langdon,04:57:15
1190,1191,32192,Vanessa Goodnight,04:57:17
1191,1192,30983,Gary Letchworth,04:57:21
1192,1193,30538,Denise Sauriol,04:57:26
1193,1194,31673,Sarah Oelker,04:57:27
1194,1195,31961,Matthew Dorian,04:57:39
1195,1196,32017,Mark Delegal,04:57:41
1196,1197,32041,Alexandria Spillman,04:57:42
1197,1198,32157,Kristen Kukla,04:57:44
1198,1199,31526,Stephen Mcingvale,04:57:54
1199,1200,31893,Joseph Saig,04:57:55
1200,1201,31644,Susan Gamble,04:57:58
1201,1202,31114,Scott Martineau,04:58:13
1202,1203,31127,Steven Herald,04:58:19
1203,1204,33572,David Cohen,04:58:20
1204,1205,30477,Jenny Lopez,04:58:21
1205,1206,32068,Ben Kinsey,04:58:36
1206,1206,33552,Rachel Mcafee,04:58:36
1207,1208,30235,Nghiem Le,04:58:38
1208,1209,33679,Lorena Perez,04:58:43
1209,1210,32313,Kristina Spillers,04:58:48
1210,1210,32900,Andrew Wentworth,04:58:48
1211,1212,33525,David Gress,04:58:51
1212,1213,30547,Justin Reed,04:58:54
1213,1214,31450,Jessica Johns,04:58:57
1214,1215,31003,John Riegel,04:59:05
1215,1216,31858,Brian Kampman,04:59:22
1216,1217,32740,Donald Halke Ii,04:59:25
1217,1217,32106,Ryan Dearbone,04:59:25
1218,1219,31898,Dawn Woolford,04:59:27
1219,1220,33503,Candice Byars,04:59:31
1220,1221,31582,Graciela Garcia,04:59:35
1221,1222,33678,Josh Wolter,04:59:37
1222,1222,33229,Timothy Dugan,04:59:37
1223,1224,32045,Eric Killgo,04:59:42
1224,1225,33484,Jenny Twaddell,04:59:47
1225,1226,32712,Melissa Lameka,04:59:54
1226,1226,33499,Kriste Sheft,04:59:54
1227,1228,32188,Alexandra Sanden,05:00:00
1228,1229,33417,Shreyas Patel,05:00:01
1229,1230,31680,Jennie Lipson,05:00:02
1230,1231,30934,Samuel Younger,05:00:04
1231,1232,33108,Kristen Puzzo,05:00:13
1232,1233,31385,Mahmud Brifkani,05:00:14
1233,1234,31063,Kyle Hirsch,05:00:15
1234,1235,32239,Pearson Lien,05:00:22
1235,1236,33709,Beth Sanders,05:00:24
1236,1237,32281,Kate Heid,05:00:30
1237,1238,33580,Mike Kumiyama,05:00:33
1238,1239,31722,Angela Whitley,05:00:34
1239,1240,31162,Kelsey Powell,05:00:37
1240,1241,31558,Jeremiah Farwell,05:00:39
1241,1241,31915,Cyrus Rhode Jr,05:00:39
1242,1243,31571,Chris Millea,05:00:49
1243,1244,33004,Megan Thompson,05:01:00
1244,1245,33588,Matt Valnoski,05:01:01
1245,1246,30984,Santiago Molina,05:01:03
1246,1247,33673,Matthew Voyles,05:01:05
1247,1248,31987,Joshua Govreau,05:01:37
1248,1249,33643,Barbara Evans,05:01:39
1249,1250,31786,Corrinne Rosquillo,05:01:48
1250,1251,32048,Eric Solomon,05:01:49
1251,1252,32237,Jennifer Johnson,05:01:54
1252,1253,31691,Savannah Van Loon,05:01:57
1253,1254,32004,Lee Cundiff,05:01:59
1254,1254,31692,Annelise Vaage,05:01:59
1255,1256,32101,Michelle Musser,05:02:00
1256,1257,32514,Jacqueline Kelly,05:02:01
1257,1258,32940,Dusty Akom,05:02:07
1258,1258,32938,Darlene Akom,05:02:07
1259,1260,31907,Hannah Moses,05:02:14
1260,1261,32766,Ron Trenkamp,05:02:19
1261,1262,30698,Walter Oehm,05:02:20
1262,1263,31572,Toby Samples,05:02:23
1263,1264,31557,Mitchell Smith,05:02:25
1264,1265,32784,Anna Mumma,05:02:37
1265,1266,33589,Daniel Horne,05:02:40
1266,1267,30453,Sarah Shearer,05:02:45
1267,1267,30454,Jonathan Shearer,05:02:45
1268,1269,31617,Nick Langas,05:02:50
1269,1270,31592,Ryan Nowicki,05:02:51
1270,1271,32078,Heather Knoll,05:02:52
1271,1271,33663,Carl Livingston,05:02:52
1272,1273,31394,Susan Lucas,05:03:01
1273,1274,31655,Paul Gourley,05:03:04
1274,1275,33178,Tiffany Chea,05:03:08
1275,1275,31260,Melissa Kauffman,05:03:08
1276,1275,31677,Erica Mellinger,05:03:08
1277,1278,32245,Mike Parrish,05:03:20
1278,1278,33228,Brayden Petroshus,05:03:20
1279,1280,30693,Alec Bove,05:03:21
1280,1280,33231,Brett Fair,05:03:21
1281,1282,32504,Stacy De Las Alas,05:03:22
1282,1283,30559,Esti Ollerman,05:03:24
1283,1284,33374,Leah Driessen,05:03:34
1284,1284,31056,Katie Taber,05:03:34
1285,1286,32125,Katie Butzu,05:03:35
1286,1287,33557,Debbi Faron,05:03:39
1287,1288,32796,Gary Voge,05:03:40
1288,1289,31990,Annette Tompkins,05:03:44
1289,1289,30604,Robert Gaumond,05:03:44
1290,1289,31087,Taylor Marshall,05:03:44
1291,1292,32147,Kitab James,05:03:47
1292,1293,32630,Daniel Demarco,05:03:50
1293,1294,31799,Chris Demarco,05:03:51
1294,1295,30841,Svitlana Sergiienko,05:03:54
1295,1296,31000,Nathan Lincoln,05:03:56
1296,1297,33156,Melodee Jamison,05:03:58
1297,1297,33157,Justin Jamison,05:03:58
1298,1299,32354,Meredith Ward,05:04:06
1299,1300,32838,Dan Vild,05:04:09
1300,1300,32836,Michael Sutter,05:04:09
1301,1302,30927,Stanley Zeto,05:04:16
1302,1303,30928,Anthony Zeto,05:04:19
1303,1304,31205,Cameron Durity,05:04:21
1304,1305,30485,Mike Spaulding,05:04:24
1305,1305,31628,Michelle Thompson,05:04:24
1306,1307,31941,Eric Hagan,05:04:26
1307,1308,32944,Calisa Fitzpatrick,05:04:29
1308,1309,33571,Paul Wallace,05:04:34
1309,1310,31085,Kevin Murphy,05:04:36
1310,1311,32206,Katherine Russell,05:04:47
1311,1311,32222,Lola Thomas,05:04:47
1312,1313,31048,Mike Seyman,05:04:54
1313,1314,32255,Philip Piaget,05:05:00
1314,1315,32126,Nicole Fasciana,05:05:10
1315,1316,32960,Thomas Raffelt,05:05:11
1316,1317,32321,Lisa Buske,05:05:16
1317,1318,32664,Amy Krupp,05:05:21
1318,1319,32204,Cara Enright,05:05:22
1319,1320,33558,Raymond Siegmund,05:05:23
1320,1321,31690,Richard Yokum,05:05:31
1321,1321,31700,Jeff Baden,05:05:31
1322,1323,30735,Dylan Higgins,05:05:41
1323,1323,33246,Ethan Robbins,05:05:41
1324,1325,31962,Shannon Vogler,05:05:49
1325,1326,31287,Thomas Giandoreggio,05:05:56
1326,1327,32002,Alex Jones,05:06:00
1327,1327,32752,Jessica Yoder,05:06:00
1328,1329,33582,Dylan Burress,05:06:01
1329,1330,32822,Jennifer Luitwieler,05:06:03
1330,1331,32914,Rachel Lambert,05:06:04
1331,1332,32284,Margo Otteson,05:06:14
1332,1333,32145,Sheila Bruinooge,05:06:21
1333,1334,31613,Andrew Sineni,05:06:22
1334,1335,32760,Steve Teresi,05:06:24
1335,1336,30796,Thomas Dorris,05:06:25
1336,1337,32132,Collin Smith,05:06:35
1337,1338,30996,Joe Rossi,05:06:38
1338,1339,33171,Jeff Benton,05:06:39
1339,1340,31781,Bryan Grullon,05:06:40
1340,1341,32824,Christy Logan,05:06:49
1341,1342,33428,Joseph Ninke,05:06:51
1342,1343,32253,Timothy Walker,05:06:53
1343,1343,31917,Abhijit Deshpande,05:06:53
1344,1345,33122,Jennifer Moore,05:06:56
1345,1346,33662,Renee Laque,05:07:16
1346,1347,32812,Elizabeth Banas,05:07:26
1347,1348,31675,Honglinh Truong,05:07:33
1348,1349,33661,Tim Smith,05:07:36
1349,1350,30541,Kay Geving,05:07:38
1350,1351,31535,Shauna Barbeau,05:07:39
1351,1352,32193,Chris Kjear,05:07:41
1352,1353,31038,Jenn Blackburn,05:07:49
1353,1354,32594,Pat Mcfarland,05:07:54
1354,1355,30852,Kristina Laux,05:08:04
1355,1356,30932,Jeanne Ineman,05:08:07
1356,1357,33620,Ariel Alana,05:08:10
1357,1357,33619,Copa Alana,05:08:10
1358,1359,33342,Jacob Steins,05:08:12
1359,1360,33640,Leighann Ness,05:08:18
1360,1361,32005,Laura Powers,05:08:25
1361,1362,31912,Leyia King,05:08:33
1362,1362,31631,Shannon Ortega,05:08:33
1363,1364,33608,Chris Watson,05:08:40
1364,1365,31821,Michael Goulart Jr,05:08:43
1365,1366,31470,Louis Santiago,05:08:44
1366,1367,32323,Brooke Willis,05:09:01
1367,1368,30545,Courtney Guider,05:09:03
1368,1368,33591,Brian Barnes,05:09:03
1369,1370,31696,Mary Ogg,05:09:07
1370,1371,32234,Klara Cavos-Wright,05:09:11
1371,1372,31718,Cheryl Denton,05:09:13
1372,1372,33220,Corey Queen,05:09:13
1373,1374,30763,Kenneth Shimizu,05:09:29
1374,1375,31625,Vasant Shankarling,05:09:37
1375,1376,33705,Barbara Lee Steplock,05:09:41
1376,1376,32684,Justin Rundles,05:09:41
1377,1378,31830,Sander Jansen,05:09:44
1378,1379,32778,Angela Yeend,05:09:56
1379,1380,31815,Eric Griswold,05:09:58
1380,1381,32128,Todd Tompkins,05:10:14
1381,1382,32050,Diana Monnette,05:10:19
1382,1383,30644,Kevin Xiang,05:10:22
1383,1384,32272,Mary Cummings,05:10:28
1384,1385,32804,Tara Bosley,05:10:32
1385,1385,33549,Joon Sim,05:10:32
1386,1387,32842,Trevor Pownell,05:10:37
1387,1387,32840,Sydney Brignole,05:10:37
1388,1389,32724,Emily Parisi,05:10:43
1389,1390,31322,Justin Berry,05:10:46
1390,1391,32666,Tracey Webb,05:10:52
1391,1392,31286,Thomas Nawrocki,05:11:13
1392,1393,31128,Justin Delk,05:11:15
1393,1394,32500,Adam Austin,05:11:21
1394,1395,31848,Jane Tenzer,05:11:22
1395,1396,31472,Caroline Bertsch,05:11:27
1396,1396,30973,Sarah Bowman,05:11:27
1397,1398,33611,Katie Radulovacki,05:11:28
1398,1399,33612,Branko Radulovacki,05:11:29
1399,1400,32072,Adam Soliday,05:11:40
1400,1401,33615,Jim Matteson,05:11:49
1401,1402,31224,Lenard Reives,05:11:50
1402,1403,31682,Lauren Johnston,05:11:53
1403,1404,31537,Guillermo Garciarobles,05:11:55
1404,1405,31788,Roni Ocampo,05:12:00
1405,1405,31676,Gia Pinkowski,05:12:00
1406,1407,30372,Sam Knickerbocker,05:12:02
1407,1408,32754,Sal Herrera,05:12:04
1408,1409,32406,Michael Janovici,05:12:20
1409,1410,31751,Sharee Rhodes,05:12:27
1410,1411,31818,Marion Rodriguez,05:12:28
1411,1412,31541,Peter Rodriguez,05:12:29
1412,1413,33561,Rebecca Dachille,05:12:31
1413,1414,31341,Tasha Osborne,05:12:38
1414,1415,33429,Gary Myers,05:12:39
1415,1416,30813,Marahall Younker Ii,05:12:50
1416,1417,31944,Rodney Langer,05:12:52
1417,1418,31136,Benjamin Barth,05:12:55
1418,1419,31071,Michelle Brown,05:12:58
1419,1420,31414,Ryan Higdon,05:13:07
1420,1421,32031,Randal Stiefel,05:13:12
1421,1422,33635,Nathan Brewer,05:13:13
1422,1422,33636,Jeffray Harris,05:13:13
1423,1422,30342,Patrick Railling,05:13:13
1424,1425,31499,Susan Avon,05:13:36
1425,1425,32814,June Salazar,05:13:36
1426,1427,32572,Carmine Tufano,05:13:40
1427,1428,31340,Adam Olive,05:13:49
1428,1429,32264,Alison Eng,05:13:51
1429,1429,31633,Tara Pierce,05:13:51
1430,1429,31932,Melissa Kinney,05:13:51
1431,1432,32160,Karen Slack,05:13:52
1432,1432,32087,Tiffany Lenington,05:13:52
1433,1434,33624,Caroline Cunningham,05:13:59
1434,1434,31775,Joshua Barry,05:13:59
1435,1436,31759,Ernie Norris,05:14:00
1436,1437,33686,James Wagner,05:14:04
1437,1438,31750,Jennifer Witmer,05:14:08
1438,1439,33652,Randy Woodward,05:14:11
1439,1440,33190,Jason Gladden,05:14:19
1440,1441,32015,Mirtha Toledo,05:14:20
1441,1441,33191,Hillery Gladden,05:14:20
1442,1443,32074,Arturo Polan,05:14:26
1443,1444,32908,Nadia Baldasaro,05:14:29
1444,1445,32060,Benjamin Bryan,05:14:43
1445,1445,32680,Ryan Prinzing,05:14:43
1446,1447,31887,Michael Chambers,05:14:48
1447,1448,33326,Phillip Weinstein,05:14:57
1448,1449,33544,Mary Beth Merzbacher,05:15:09
1449,1449,30936,Jodie Sproul,05:15:09
1450,1451,30833,Jeff Spahn,05:15:26
1451,1452,32285,Amanda Cantu,05:15:38
1452,1453,31221,Gino Scarpelli,05:15:40
1453,1454,31009,Sharan Babu Katragadda,05:15:45
1454,1455,31807,Daniel Connor,05:15:53
1455,1456,31659,Julia Sanders,05:16:08
1456,1457,31129,Charles Brannen Jr,05:16:10
1457,1458,32185,Daniel Crowell,05:16:12
1458,1459,31770,Rachel Dockery,05:16:28
1459,1460,33505,Evan Root,05:16:37
1460,1461,32295,Steve Bratsch,05:16:43
1461,1462,32061,Nikki Ruh,05:16:49
1462,1462,31293,Joelle Hartke,05:16:49
1463,1464,31379,Brandon Romanowski,05:16:54
1464,1465,33579,Joseph Hackney,05:17:01
1465,1466,32624,Natalie Sequeira,05:17:03
1466,1467,32241,Shelley Cox,05:17:04
1467,1467,31877,Kate Desanto,05:17:04
1468,1469,31458,Debra Shone,05:17:08
1469,1470,33493,Eric Burchett,05:17:12
1470,1471,31760,Shannon Foster,05:17:17
1471,1472,31342,Laura Gordey,05:17:21
1472,1473,30930,Liam Hussels,05:17:22
1473,1473,31343,Justin Gordey,05:17:22
1474,1475,33567,Chris Waddell,05:17:23
1475,1476,31058,Jesse Hinnant,05:17:40
1476,1477,31705,Jenna Sommer,05:17:41
1477,1478,32052,Ann Sahjian,05:17:42
1478,1479,32104,Meredith Garner,05:17:44
1479,1480,32298,Erika Goodman,05:17:46
1480,1481,32828,Mary Grier Illges,05:17:49
1481,1481,33310,Natalie Vlach,05:17:49
1482,1483,31511,Lillian Funkhouser,05:17:50
1483,1483,33685,Tabatha Greenwood,05:17:50
1484,1485,31328,Atlee Campbell,05:17:52
1485,1486,32231,Jen Novobilski,05:17:58
1486,1487,33603,Michael Douglas,05:18:00
1487,1488,31573,Ryan Mccord,05:18:01
1488,1489,33621,Irene Manalili,05:18:05
1489,1490,33181,Rachel Rimmerman,05:18:27
1490,1491,32912,Gary Warner,05:18:51
1491,1491,31016,Lora Thomerson,05:18:51
1492,1491,31800,Tim Gaffney,05:18:51
1493,1491,31824,Deena Karnowski,05:18:51
1494,1495,531,Bernard Pickney,05:18:53
1495,1496,31074,Tonna Fredrick,05:18:57
1496,1497,31716,Joe Fitzpatrick,05:19:09
1497,1498,32142,Katie Shubra,05:19:13
1498,1499,31960,Brooks Woloshyn,05:19:16
1499,1500,32776,Alexis Kadey,05:19:21
1500,1501,31171,Ryan Wehner,05:19:26
1501,1502,32726,Daniel Diffenderfer,05:19:30
1502,1503,32852,Elizabeth Kurowski,05:19:33
1503,1504,33444,Annie Berry,05:19:34
1504,1504,31965,Sharon Ruiz,05:19:34
1505,1506,31546,Nick Schlabach,05:19:48
1506,1507,32279,Dustin Austin,05:19:52
1507,1508,33068,Valerie Hyatt,05:19:53
1508,1509,33534,Cody Garrow,05:20:03
1509,1510,32095,Sherrie Keipp,05:20:04
1510,1511,31314,Kevin Madderra,05:20:05
1511,1512,31481,Kristen Peregrini,05:20:10
1512,1513,32301,Kristen Norem,05:20:17
1513,1514,32203,Jenna Gould,05:20:28
1514,1515,33702,Partridge Tamara,05:20:31
1515,1516,33391,Rachel Kennedy,05:20:32
1516,1517,31925,Eric Mann,05:20:35
1517,1518,32290,Yongjun Zhai,05:20:36
1518,1519,32058,Mitchell Hartley,05:20:43
1519,1520,31519,Shaun Goulbourne,05:20:47
1520,1521,31679,David Walters,05:20:48
1521,1522,31804,Teresa Algreen,05:20:51
1522,1523,31627,Justin Poe,05:20:52
1523,1524,31137,Caedran Barth,05:20:53
1524,1524,31134,William Barth,05:20:53
1525,1526,32153,Kevin Cecotti,05:20:55
1526,1527,31964,Laura Nieto,05:20:58
1527,1528,33212,Fumiaki Nozoe,05:21:00
1528,1529,31994,Josh Gates,05:21:01
1529,1530,31361,Jae Maeng,05:21:03
1530,1531,31995,Trevor Erickson,05:21:06
1531,1532,33265,Cynthia Allen,05:21:11
1532,1532,32392,Michael Douglas,05:21:11
1533,1534,31863,Andrew Holladay,05:21:13
1534,1535,33222,Nicole Moss,05:21:17
1535,1536,33309,Lauryn Hardy,05:21:19
1536,1537,33356,Ramsey Jarun,05:21:22
1537,1538,33647,Tom Korth,05:21:40
1538,1539,31474,Bounsavath Sivilay,05:21:42
1539,1540,32818,Katherine Bunting,05:21:44
1540,1541,32049,Angela Brunson,05:21:48
1541,1541,33076,Erich Heinlein,05:21:48
1542,1541,33262,Lacy Ritter,05:21:48
1543,1541,32075,Bonnie Sauls,05:21:48
1544,1545,33192,Micaela Stutzki,05:21:49
1545,1546,31094,Haileigh Duplantis,05:21:50
1546,1547,31881,Barry Smith,05:21:55
1547,1547,32910,Amy Bossler,05:21:55
1548,1549,31847,Stephen Jones,05:21:57
1549,1549,31506,Liz Oxenham,05:21:57
1550,1551,33293,Jessica Peltier,05:22:00
1551,1552,31505,Ivar Gaizauskas,05:22:04
1552,1552,31868,Rob Hyndman,05:22:04
1553,1552,31629,Ema Victorio,05:22:04
1554,1555,33628,Ashley Quintanilla,05:22:19
1555,1556,31046,Jennifer Bluske,05:22:22
1556,1556,31045,Darren Fortney,05:22:22
1557,1558,33120,Takahiro Mori,05:22:29
1558,1559,32534,K Yvette Jimenez,05:22:34
1559,1560,31100,Autumn Davis,05:22:49
1560,1560,31479,Paige Bray,05:22:49
1561,1560,30916,Voncha Reddy,05:22:49
1562,1560,32662,Lindsey Mcguire,05:22:49
1563,1564,31097,Shannon Dusza,05:22:50
1564,1565,31599,Matthew Mast,05:23:09
1565,1566,32800,Kayla Murtaugh,05:23:16
1566,1566,33596,Ashley Konstant,05:23:16
1567,1568,32251,Miriam Corona,05:23:20
1568,1569,32492,David Ekenmo,05:23:21
1569,1570,32131,Katie Pascuzzi,05:23:25
1570,1570,33170,Katelyn O'Brien,05:23:25
1571,1572,30442,Christiana Beveridge,05:23:32
1572,1572,33358,Jacqueline White,05:23:32
1573,1574,32141,Michael Olewine,05:23:36
1574,1575,31579,David Puterbaugh,05:23:39
1575,1576,32248,Morgan Bentley,05:23:47
1576,1577,32024,Jessica Hamel,05:23:48
1577,1578,33275,Leanna Sanders,05:23:53
1578,1578,30313,Ryan Dunn,05:23:53
1579,1580,31773,Sara Oliver,05:24:02
1580,1581,32037,Emily Caroline,05:24:04
1581,1581,32036,Emma Morris,05:24:04
1582,1583,33594,Matthew White,05:24:13
1583,1584,31645,Bill Law,05:24:17
1584,1585,32556,Erica Blohm,05:24:22
1585,1586,31635,Pamela Jansen,05:24:27
1586,1587,33240,Austin Balding,05:24:31
1587,1588,32282,Darin Sholar,05:24:42
1588,1589,32404,Guizhu Benbow,05:24:46
1589,1590,32552,Annie Culver,05:24:47
1590,1591,33554,James Casey,05:24:48
1591,1592,31808,Dan Gallagher,05:24:59
1592,1593,31099,Chris Hendershot,05:25:02
1593,1594,32972,Christine Kenney,05:25:03
1594,1595,31953,Ryan Mcmanus,05:25:12
1595,1596,31486,Niven Crenshaw,05:25:18
1596,1597,31622,David Davis,05:25:21
1597,1598,31674,Paige Holmes,05:25:28
1598,1599,31803,Alyssa Snow,05:25:31
1599,1599,33096,Beth Knapp,05:25:31
1600,1601,31768,Kendra Burbach,05:25:38
1601,1602,33422,Betsy Cohen,05:25:45
1602,1603,33445,Kenneth Whaley,05:26:03
1603,1604,30988,Kaitlyn Wiener,05:26:04
1604,1605,32269,Jordan Hill,05:26:08
1605,1606,32846,Lauren Schick,05:26:18
1606,1607,33014,Nicole Rosa,05:26:31
1607,1608,32040,Gabriela Ponce,05:26:37
1608,1608,31749,Jose Garcia,05:26:37
1609,1610,32080,Deanna Steele,05:26:38
1610,1611,31958,Courtney Strickland,05:26:46
1611,1611,31957,Joel Strickland,05:26:46
1612,1611,30510,Klaus Geyer,05:26:46
1613,1614,31377,Jack Frod,05:26:47
1614,1615,33682,Mark Ford,05:26:51
1615,1615,31375,Miki Ford,05:26:51
1616,1617,32270,Megan Cunningham,05:26:55
1617,1618,32259,Julio Torres,05:26:56
1618,1619,31892,Adrienne Trigg,05:27:01
1619,1620,33183,Kari Thompson,05:27:05
1620,1620,30269,Amanda Staggs,05:27:05
1621,1620,30272,Sandy Staggs,05:27:05
1622,1623,32316,Jeri Rae Kendrick,05:27:06
1623,1624,33026,Kristine Nowak,05:27:13
1624,1625,31226,Jacob Snyder,05:27:20
1625,1626,31638,Brett Bellinger,05:27:22
1626,1627,32257,Sami Marcu,05:27:25
1627,1627,33203,Phillip Ticer,05:27:25
1628,1629,31392,Mia Esworthy,05:27:27
1629,1630,31902,William Branch,05:27:33
1630,1631,30311,Kevin Fox,05:27:59
1631,1631,33683,Trey Fox,05:27:59
1632,1633,32408,Beth Sedberry,05:28:02
1633,1634,32730,Crystal Mullins,05:28:08
1634,1635,32115,Genaro Rojas,05:28:12
1635,1636,32221,Pam Tebbetts,05:28:23
1636,1637,32292,Tony Thomas,05:28:27
1637,1638,32854,Shirley Furgiuele,05:28:37
1638,1639,32116,Elkin Mesa,05:28:41
1639,1639,32108,Laura Estrada,05:28:41
1640,1641,31146,Dexter Bateman,05:28:47
1641,1641,31145,Mary Grace Bateman,05:28:47
1642,1643,31576,Aline Oceguera,05:28:58
1643,1643,31337,Justin Vantreese,05:28:58
1644,1645,31641,Timothy Hoffman,05:28:59
1645,1646,31231,Borran Pea,05:29:04
1646,1647,33609,Spencer Moore,05:29:05
1647,1648,32227,Kayla Loflin,05:29:07
1648,1649,32305,Ryan Sandefur,05:29:28
1649,1649,32304,Lindsey Sandefur,05:29:28
1650,1651,31686,Tyler Chapman,05:29:33
1651,1652,30595,Danielle Magiera,05:29:39
1652,1653,30883,Shawn Schmuki,05:29:40
1653,1653,31393,Kira Lee,05:29:40
1654,1655,33082,Samantha Leonard,05:29:52
1655,1655,31288,Daniel Stroud,05:29:52
1656,1657,32826,Jessica White,05:29:53
1657,1658,33070,William Hyatt,05:30:01
1658,1659,32930,Michael Panasuk,05:30:03
1659,1660,32660,Leanna Delhey,05:30:09
1660,1660,32154,Kevin Kent,05:30:09
1661,1662,32598,Daniel Hsu,05:30:13
1662,1663,33332,Michelle Kanney,05:30:14
1663,1664,33578,Arsenio Franklin,05:30:15
1664,1665,33126,Laura Daniel,05:30:19
1665,1666,33088,Amy Coble,05:30:20
1666,1667,31780,Kate Bangert,05:30:28
1667,1668,33224,Shelbie Claycomb,05:30:30
1668,1669,31480,Lee Ekkart,05:30:33
1669,1670,32299,Laura Schlabach,05:30:55
1670,1671,30082,Adams Stein,05:31:03
1671,1672,32331,Michael Sosa,05:31:10
1672,1672,30848,Jon Cobb,05:31:10
1673,1674,32327,Kelsey Jo Walakovits,05:31:12
1674,1675,32762,Lindsey Frodge,05:31:13
1675,1676,33252,Melanie Corbin,05:31:14
1676,1677,31827,George Mattas,05:31:15
1677,1678,32862,Tony Presta,05:31:16
1678,1679,33680,Udo Freyhofer,05:31:17
1679,1680,32230,Tony Amburgy,05:31:24
1680,1681,33225,Shelby Gray,05:31:30
1681,1682,32302,Stephanie Vendl,05:31:31
1682,1683,32312,Larissa Caldwell,05:31:33
1683,1684,33195,Michael Roberts,05:31:34
1684,1685,32071,Caywood Vanstratum,05:31:36
1685,1686,32774,Mark Simmons,05:31:38
1686,1687,33341,Jb Ashburn,05:31:39
1687,1687,32013,Laurel Kincaid,05:31:39
1688,1689,32884,Brandon Fortson,05:31:40
1689,1690,32590,Brandon Ocampo,05:31:45
1690,1691,33516,Greg Brown,05:31:48
1691,1691,32622,Matthew Brennan,05:31:48
1692,1691,31332,Brandon Ernstes,05:31:48
1693,1694,31889,Ben Bright,05:31:52
1694,1695,32067,John Ugorji,05:32:00
1695,1696,32696,Aneeqa Thiele,05:32:03
1696,1697,30352,Takehiro Sasagawa,05:32:10
1697,1698,32063,Sam Mann,05:32:14
1698,1698,31983,Shannon Fanucchi,05:32:14
1699,1700,31813,Kassidy Yeager,05:32:25
1700,1700,31812,Ashley Newcomb,05:32:25
1701,1702,33430,Bonnie Woloschuk,05:32:30
1702,1703,32038,Kimberly Venvertloh,05:32:33
1703,1704,31586,Brian Fahey,05:32:34
1704,1705,33307,Angela Mcleod,05:32:37
1705,1706,33303,Robert Piggott,05:32:38
1706,1707,33327,Morgan Cornacchini,05:32:39
1707,1708,31662,Anna Hopkins,05:32:40
1708,1708,31663,Fletcher Hopkins,05:32:40
1709,1710,33219,Misty Lippard,05:32:42
1710,1711,33236,Joseph Montgomery,05:32:47
1711,1712,32042,Kevin Gallagher,05:32:54
1712,1713,31766,Gabriel Garrido,05:33:09
1713,1714,32029,Michael Cline,05:33:28
1714,1715,33625,Beth House,05:33:33
1715,1716,33371,Lisa Bentley,05:33:36
1716,1717,30713,Joe Tennant,05:33:43
1717,1718,32055,Natalie Johnson,05:33:50
1718,1719,32864,Carley Sarno,05:33:54
1719,1720,33020,Cynthia Mitchell,05:34:05
1720,1721,32802,Nolan Goebel,05:34:06
1721,1722,31194,Corey Neal,05:34:11
1722,1723,32236,Jon Teague,05:34:20
1723,1724,32194,Brooke Demarco,05:34:28
1724,1724,32195,Jake Files,05:34:28
1725,1726,33243,Ashley Noffsinger,05:34:36
1726,1727,527,Justin Milam,05:34:37
1727,1728,31757,Justine Rourk,05:34:40
1728,1729,31574,Paloma Lepley,05:34:44
1729,1729,32177,Kirsty Walker,05:34:44
1730,1731,32638,Lynsey Rank,05:34:56
1731,1732,33551,Doug Norfleet,05:34:58
1732,1733,32690,Ronald Ruiz,05:34:59
1733,1734,32309,Nicole Heck,05:35:05
1734,1735,32094,Drew Chandler,05:35:10
1735,1736,33282,Regan Cooper,05:35:14
1736,1737,32928,Stephanie Anasi,05:35:16
1737,1738,32528,Pj Boyle,05:35:28
1738,1739,32618,Chelsie Krafka,05:35:38
1739,1740,32324,Angela Adams,05:35:40
1740,1741,32592,Michele Glose,05:35:46
1741,1741,33158,David Uminski,05:35:46
1742,1741,32155,Michele Hart,05:35:46
1743,1744,33142,William Davis,05:35:50
1744,1745,33080,Carolyn Vought,05:35:57
1745,1746,32524,Kenneth Fiorilli,05:36:03
1746,1747,31527,Kristen Beaudin,05:36:04
1747,1748,32189,Jennifer Veazey,05:36:11
1748,1749,32462,Caroline Lavenir,05:36:22
1749,1750,32460,Kathryn Hall,05:36:23
1750,1751,33094,Amy Birtman,05:36:24
1751,1752,33655,Gina Hamrang,05:36:29
1752,1753,33668,Brandon Eaves,05:36:34
1753,1754,33092,Tiffany Skinner,05:36:38
1754,1755,33346,Mary Miller,05:36:40
1755,1756,32710,Sara Fosbenner,05:36:45
1756,1757,31540,Armando Malvone,05:36:57
1757,1758,32738,Tatiana Donaldson,05:37:02
1758,1759,32616,Kaitlyn Friedman,05:37:06
1759,1760,33704,Jessica Averbch,05:37:11
1760,1761,31963,Ryan Mathewson,05:37:16
1761,1762,33002,Chell Knox,05:37:33
1762,1763,32303,Daniel Jones,05:37:34
1763,1764,31998,Kip England,05:37:36
1764,1765,33585,K'Leetha Gilbert,05:37:44
1765,1766,32297,Robert Furman,05:37:46
1766,1767,31927,Sarah Hedstrom,05:37:57
1767,1768,33058,Genelle Viars,05:38:00
1768,1769,30868,Belinda Coakley,05:38:03
1769,1770,30292,Onnie Davis,05:38:17
1770,1771,31290,Jason Lee,05:38:29
1771,1772,32434,Claire Cochell,05:38:41
1772,1773,33670,David Kirkbride,05:38:45
1773,1773,31846,Troy Bedik,05:38:45
1774,1775,32506,Iris Powdrill,05:39:00
1775,1776,32329,Kimberley Overturf,05:39:09
1776,1777,31355,Nathan Mcgee,05:39:19
1777,1778,32073,Brandon Theriault,05:39:39
1778,1779,31471,Christie Hutchison,05:39:49
1779,1780,33569,William Beau Butler,05:39:51
1780,1781,33537,Alonso Munoz,05:39:56
1781,1782,32632,Blake Henry,05:40:07
1782,1783,33372,Susan Jones,05:40:09
1783,1784,33128,Katsuya Ogawa,05:40:11
1784,1785,33179,Todd Beel,05:40:15
1785,1786,33180,Stephanie Haase,05:40:16
1786,1787,32848,Ellie Bennett,05:40:21
1787,1788,31721,Diane Bolton,05:40:26
1788,1789,30166,Joel Aguero,05:40:37
1789,1790,32584,Sarah Barker,05:40:43
1790,1791,31366,Lucas Geier,05:40:44
1791,1792,32464,Misa Sugui,05:40:50
1792,1793,31068,Jason Raisner,05:41:07
1793,1793,31067,Jon Deaner,05:41:07
1794,1795,31694,Michael Sonnenberg,05:41:08
1795,1795,32764,Joe Sonnenberg,05:41:08
1796,1797,32296,Brandi Tooley,05:41:11
1797,1798,32181,Katie Johnson,05:41:24
1798,1799,31748,Brad Schreiner,05:41:25
1799,1800,32001,Bryce Hagenow,05:41:28
1800,1800,32000,Allison Vaske,05:41:28
1801,1802,33060,Reuben Luzano,05:41:34
1802,1803,33710,Paul Kelly,05:41:47
1803,1803,33711,Michelle Young,05:41:47
1804,1805,33199,Candy Cook,05:41:49
1805,1806,32378,Kaily Nakhoneinh,05:41:51
1806,1807,30981,Amy Anderson,05:41:52
1807,1808,33419,Matthew Sentilles,05:42:00
1808,1809,32136,Makenzie Larson,05:42:04
1809,1810,30853,Bob Coffey,05:42:08
1810,1811,33361,Michelle Depa,05:42:16
1811,1812,33360,Beth Berg,05:42:17
1812,1813,33206,Melissa Benedict,05:42:19
1813,1813,33207,Tim Benedict,05:42:19
1814,1815,31117,Priscilda Davis,05:42:25
1815,1816,31118,Sandra Anderson,05:42:26
1816,1816,31116,Amy Coor,05:42:26
1817,1818,33595,Jeffrey Devore,05:42:28
1818,1819,32810,Meagan Moore,05:42:32
1819,1820,33012,Dawn Striker-Roberts,05:42:37
1820,1821,31951,Candice Smith,05:42:40
1821,1822,31981,Samantha O'Connor,05:43:08
1822,1823,32576,Katherine Liles,05:43:19
1823,1823,32574,Lauren Hoover,05:43:19
1824,1823,31667,Erin Carter,05:43:19
1825,1826,31972,Wesley Norton,05:43:20
1826,1826,31973,Zhainagul Dzhumataeva,05:43:20
1827,1828,31974,Makayla Norton,05:43:21
1828,1829,31879,Rebecca Allen,05:43:34
1829,1830,32608,Dyana Rasinski,05:43:59
1830,1830,33271,Heather Mcallister,05:43:59
1831,1832,31024,Kyle Meeks,05:44:00
1832,1833,33281,Shelia Wright,05:44:10
1833,1834,32628,Lindsay Castelli,05:44:20
1834,1834,31257,Sara Mckinley,05:44:20
1835,1836,31642,Brian Jansen,05:44:25
1836,1837,33519,Jack Crist,05:44:31
1837,1838,32224,Robert Nidiffer,05:44:33
1838,1839,31984,Rachel Shaw,05:44:41
1839,1840,32199,Kathryn Osborn,05:44:44
1840,1841,33258,Anne Marie Shelley,05:44:51
1841,1841,32634,Emelia Pitlick,05:44:51
1842,1843,33631,Andy Johns,05:44:53
1843,1844,33273,Arundati Ramesh,05:45:16
1844,1845,33166,Tiffany Eschak,05:45:23
1845,1846,31395,Kurt Herron,05:45:29
1846,1847,30941,Michael Williams,05:45:35
1847,1847,30942,Elizabeth Williams,05:45:35
1848,1849,32954,Maria Rojas,05:46:00
1849,1850,32315,Sarah Purgett,05:46:02
1850,1851,32198,Kimberly Rhodes,05:46:20
1851,1852,33276,Sandra Miranda,05:46:22
1852,1853,32207,Bridget Lacey,05:46:25
1853,1854,32197,Chester Paoletti,05:46:26
1854,1855,33322,Priscilla Richardson,05:47:22
1855,1856,31891,James Ash,05:47:23
1856,1857,31309,Mitchell Ginsburg,05:47:33
1857,1858,30631,Christopher Brock,05:47:46
1858,1859,31468,Michelle Nimmo,05:48:09
1859,1860,33617,Randall Hodge,05:48:33
1860,1861,32057,Anja Izban,05:48:43
1861,1862,32472,Teresa Olivier,05:48:54
1862,1862,32470,Sharon Dagostino,05:48:54
1863,1864,32952,Erica Waters,05:49:06
1864,1865,32382,Rebecca Slone,05:49:07
1865,1866,32350,Shelley Cloutier,05:49:42
1866,1867,32932,Richard Combes,05:49:44
1867,1868,33700,Ronnie Wilson,05:49:50
1868,1869,32380,Kelly Weber,05:49:52
1869,1870,33028,Anne Truitt,05:50:13
1870,1871,33169,Courtney Hendricks,05:50:28
1871,1872,33050,Susan Drake,05:50:34
1872,1872,32544,Hannah Duke,05:50:34
1873,1874,33382,Angela Dunn,05:50:36
1874,1875,33279,Dan Mummert,05:50:54
1875,1876,32698,Olga Salinas,05:50:58
1876,1877,31897,Penny Smith,05:51:10
1877,1877,32644,Michelle Hatton,05:51:10
1878,1879,32476,Melanie Curtis,05:51:11
1879,1879,33193,Candy Voss,05:51:11
1880,1881,33052,Ann Walley,05:51:12
1881,1882,33238,Aimee Hilber,05:51:14
1882,1882,33605,Kristen Kimmel,05:51:14
1883,1882,33237,Ryan Donnelly,05:51:14
1884,1882,32902,Peter Mullvain,05:51:14
1885,1886,33377,Jason Rapoport,05:51:16
1886,1887,31805,Penny Frey,05:51:23
1887,1888,33287,Anjoli Rashid,05:51:27
1888,1889,32982,Raelyn Johnson,05:51:36
1889,1889,33660,Anthony Holt,05:51:36
1890,1891,31835,Lori Boyd,05:51:38
1891,1892,32498,Steve Jones,05:51:55
1892,1893,31771,Jennifer Sell,05:52:01
1893,1894,32986,Alyssa Eashoo,05:52:02
1894,1895,33328,Michael Warren,05:52:20
1895,1895,33176,Lee Hofweber,05:52:20
1896,1897,32974,Kristi Wieland,05:52:36
1897,1897,32692,Tracy Lindstrom,05:52:36
1898,1899,32604,Melanie Gould,05:52:37
1899,1900,33304,Paul Winterford,05:52:44
1900,1901,33253,Elizabeth Kostrub,05:52:48
1901,1902,32652,Hector Solis,05:52:50
1902,1903,30539,Jason Simmons,05:53:18
1903,1904,32070,Katrin Bates,05:53:34
1904,1905,32150,Kaitlynn Washingtion,05:53:42
1905,1905,33466,Peyton Gray,05:53:42
1906,1905,33630,Cole Christopher,05:53:42
1907,1908,33616,Brooke Osborne,05:54:21
1908,1908,32870,Sarah Bordelon,05:54:21
1909,1910,33539,Roy Cameron Jr,05:54:26
1910,1911,30422,Hunter Burney,05:54:35
1911,1911,32442,Kristen Burney,05:54:35
1912,1913,33305,Claire Winterford,05:54:51
1913,1914,30871,Jeff Murphree,05:54:57
1914,1915,33090,Allison Thrower,05:55:33
1915,1916,33618,Eddie Godwin,05:55:48
1916,1917,31653,Michael Haarlander,05:56:03
1917,1918,32834,Astrid Escobar,05:56:05
1918,1919,32452,Rakesh Singh,05:56:27
1919,1920,33427,Ashley Bautista,05:56:28
1920,1921,30970,James Carlson,05:56:31
1921,1921,32582,Olivia Hoppen,05:56:31
1922,1923,33054,Bobbi Aschwanden,05:56:53
1923,1923,32364,Ariel Alonzo,05:56:53
1924,1925,33369,Brittney Miller,05:56:59
1925,1925,33370,Ryan Miller,05:56:59
1926,1927,32151,Catherine Moerman,05:57:01
1927,1928,32256,Evan Castellano,05:57:09
1928,1929,33386,Kat Dunham,05:57:10
1929,1930,32732,Daniel Pope,05:57:18
1930,1931,32700,Tsubasa Agarie,05:57:40
1931,1932,530,Dean Bowden,05:57:43
1932,1933,32291,Larry Nolen,05:57:47
1933,1934,30384,Raegen Martin,05:58:02
1934,1935,33144,Nestor Ilagan,05:58:15
1935,1936,33632,Melissa Teneyuque,05:58:21
1936,1937,523,Ken Ashby,05:58:25
1937,1938,31919,Eddie Kimpel,05:58:43
1938,1939,33650,Konstantin Yepifantsev,05:58:52
1939,1940,32844,Meghann Farley,05:58:55
1940,1941,33559,Cynthia Aune,05:58:56
1941,1942,31707,Laura Terry,05:59:00
1942,1943,32742,Jessica Thrower,05:59:11
1943,1944,31043,Sherry Ricker,05:59:13
1944,1945,33205,Alicia Hartman,05:59:17
1945,1946,31666,Jason Mccullough,05:59:30
1946,1947,31729,Venu Alokam,05:59:38
1947,1948,31884,Amber Jacobs,06:00:00
1948,1949,31381,Rebekah Clifford,06:00:10
1949,1950,33667,Richard Brooks,06:00:39
1950,1951,32832,Candace Wohn,06:00:57
1951,1952,33223,Amy Cengeri,06:01:02
1952,1953,33300,Ashley Kelley,06:01:03
1953,1954,539,Richard Brooks,06:01:08
1954,1955,33283,Tristen Reis,06:01:09
1955,1956,32648,Barbara Pepin,06:01:11
1956,1957,33424,Sandra Guida,06:01:13
1957,1958,33718,Dean Stambelu,06:01:28
1958,1959,32942,Erin Mclauchlin,06:01:40
1959,1960,33218,Alina Young,06:01:41
1960,1961,33086,Caitlin Babin,06:01:42
1961,1962,31115,Stephanie Grapentin,06:02:20
1962,1963,30949,Morgan Bensman,06:02:26
1963,1964,32118,Timothy New,06:02:29
1964,1965,33401,Brian Schick,06:03:03
1965,1966,32218,Lorie Wood,06:03:26
1966,1966,31261,Darah Owens,06:03:26
1967,1968,33607,Roy Singley,06:03:35
1968,1969,32062,Cortlynn Mitchell,06:04:01
1969,1970,33366,Samantha Kuner,06:04:09
1970,1971,33261,Jessica Alexander,06:04:10
1971,1971,33708,Jazmin Pluas,06:04:10
1972,1973,33242,Renae Brown,06:04:11
1973,1974,33134,Kim Heagy,06:04:26
1974,1975,31569,James Rahn,06:04:28
1975,1976,33368,Stacey Campfield,06:04:38
1976,1977,33267,James Orr,06:04:47
1977,1978,31028,Megan Svetkovich,06:04:48
1978,1979,33174,George Svetkovich,06:04:49
1979,1980,33675,Jessica Campos-Ruiz,06:04:58
1980,1981,33672,Marie Flores,06:05:01
1981,1981,33671,Betty Trueba,06:05:01
1982,1983,32866,Kelsey Wezel,06:05:52
1983,1984,33434,Justin Lynch,06:06:10
1984,1985,33277,Kathleen Gant,06:06:16
1985,1986,33629,Gordon Carlisle,06:06:19
1986,1987,33022,Ryan Mitchell,06:06:29
1987,1988,33426,Trish Keleher,06:06:30
1988,1989,33306,Darin Mccloud,06:06:38
1989,1990,32694,Shannon Wood,06:06:54
1990,1990,33633,Katherine Tierney-Smith,06:06:54
1991,1992,32530,David Owens,06:07:44
1992,1993,33433,Leah Sayre,06:08:09
1993,1993,31731,Towhid Alam,06:08:09
1994,1995,33383,Emily Simmons,06:08:15
1995,1996,32602,Bailey Hendrickson,06:08:20
1996,1997,33384,Taylor Leatherwood,06:08:21
1997,1998,32138,Sarah Skonicki,06:08:26
1998,1999,33598,Erica Heskamp,06:08:56
1999,2000,33184,Shari Zimmerman,06:08:57
2000,2000,33597,Kelly Steinmann,06:08:57
2001,2000,32318,Suzanne Buntrock,06:08:57
2002,2003,32890,Cindy Howard,06:09:04
2003,2004,33217,Rachel Bottomley,06:09:08
2004,2005,33201,Jen Cole,06:09:12
2005,2006,31978,Erin Lusk,06:09:14
2006,2007,32934,Alessandra D'Ambrosia-Furman,06:09:20
2007,2007,31829,Jessica Perry,06:09:20
2008,2009,33209,Jennifer Whittle,06:09:27
2009,2009,33610,Seth Hatfield,06:09:27
2010,2011,32874,Matthew Latawiec,06:09:29
2011,2011,32872,Stephanie Latawiec,06:09:29
2012,2013,33198,Roberta Henry,06:09:47
2013,2014,31023,Shelby Hall,06:09:51
2014,2015,32704,Tyler Farley,06:10:02
2015,2016,32876,Courtney Devries,06:10:27
2016,2017,33173,Becca Dernberger,06:11:11
2017,2018,32480,Susan Marshall,06:11:24
2018,2019,30085,Nathanael Lilly,06:11:26
2019,2020,32578,Allison Seguin,06:11:33
2020,2020,33410,Catherine Seguin,06:11:33
2021,2022,33308,Tiffany Allgeier,06:11:48
2022,2023,33400,Howard Robison,06:11:51
2023,2024,33098,Gregoria Williams,06:12:10
2024,2025,33357,Shandy Farin,06:12:18
2025,2026,33292,Shannon Kjear,06:12:24
2026,2027,33614,Cleveland Allen,06:12:25
2027,2028,33187,David Dearmon,06:12:34
2028,2029,33235,Brian Shaw,06:12:35
2029,2030,33234,Maria Crompton,06:12:37
2030,2031,32325,Gayle Martin,06:13:04
2031,2032,33601,Jennifer Clark,06:13:05
2032,2033,33518,Samuel Collins,06:13:19
2033,2034,33367,Billy Huggins,06:13:39
2034,2035,33506,Tony Myers,06:13:57
2035,2035,30820,Todd Foster,06:13:57
2036,2037,33665,Maria Shircel,06:14:30
2037,2038,31993,Baithao Samphao,06:14:43
2038,2039,32119,Darrell Sheffield,06:14:45
2039,2040,33078,Diane Street,06:15:01
2040,2041,31738,Joanne Ring,06:15:08
2041,2042,33381,Ryan Mcnally,06:15:12
2042,2043,33248,Amie Guinn,06:15:16
2043,2044,33008,Janet Yee,06:15:18
2044,2045,31529,Misty Jones,06:15:27
2045,2046,32287,Katherine Mccrea,06:15:31
2046,2047,32650,Carlito Agner,06:15:35
2047,2048,32646,Kenneth Forrest,06:15:36
2048,2049,33249,Sarah Anglin,06:15:55
2049,2050,32494,Deanne Whittle,06:16:27
2050,2051,30542,Deanna Alexander,06:16:31
2051,2052,33056,Hanah Pender,06:16:38
2052,2053,33230,Adrienne Mcbroon,06:16:51
2053,2054,33286,Tricia Timney,06:16:52
2054,2055,32458,Cynthia Berndt,06:17:01
2055,2056,33263,Michelle Sumption,06:17:04
2056,2057,33330,Jana Stidham,06:17:21
2057,2058,33311,Jennifer Kraus,06:17:37
2058,2059,33074,Olga Felton,06:17:39
2059,2060,33627,Sarah Cates,06:18:01
2060,2061,33626,Jennifer Reed,06:18:02
2061,2062,33185,Mary Perrecone,06:18:15
2062,2063,32526,Daniel Albert,06:18:17
2063,2064,33239,Audrey Reville,06:18:50
2064,2065,32830,Georgia Bracken,06:18:55
2065,2066,32920,Cassandra Branch,06:19:04
2066,2067,31693,Linda Wieloch,06:19:15
2067,2068,32289,Valerie Hardison,06:19:22
2068,2069,31916,Mark Bevilacqua,06:19:23
2069,2070,31161,Derek Conine,06:19:26
2070,2071,33323,Lucy Hernandez,06:19:35
2071,2072,33606,Helen Reagan,06:19:50
2072,2073,32032,Jason B. Wright,06:20:31
2073,2074,32550,Erica Marlowe Williamson,06:20:32
2074,2075,31369,Cami Earnest,06:20:36
2075,2076,33291,Andy Lan,06:21:01
2076,2077,31755,Vincent Berry,06:21:23
2077,2078,30947,Melanie Nekola,06:21:24
2078,2079,33397,Jim Burgos,06:21:26
2079,2080,33396,Rhonda Burgos,06:21:35
2080,2081,32806,Andrew Harris,06:22:11
2081,2082,31785,Cassandra Punjack,06:22:54
2082,2083,33241,Courtney Wells,06:22:59
2083,2084,33390,Amy Brooks,06:24:19
2084,2085,33364,Terry Davis,06:25:02
2085,2086,33299,Donna Paris,06:26:04
2086,2087,31712,Melissa Sears,06:26:24
2087,2088,31386,Thomas Friar,06:26:37
2088,2089,33232,Marcus Kasel,06:27:24
2089,2090,32210,Shawn Douthit,06:27:27
2090,2091,33333,Chris Bloch,06:27:29
2091,2092,32916,Jeff Riddle,06:28:06
2092,2093,31711,Rick Sears,06:30:13
2093,2094,33634,Dwight Williams,06:30:28
2094,2095,31703,Kelsey Mark,06:31:10
2095,2096,33048,John Points,06:31:28
2096,2097,31594,Brett Dunlap,06:32:57
2097,2098,33211,Meghann Richardson,06:33:08
2098,2099,536,Patti Mortland,06:34:24
2099,2100,33423,Yvette Leonard,06:34:41
2100,2101,33717,Dallas Heyden,06:37:34
2101,2102,32440,Marlin Hardin,06:39:04
2102,2103,535,Jane Tao,06:49:26
2103,2104,529,Mike Emerick,06:51:23
2104,2105,60042,Contact Sportstats,06:51:55
2105,2106,33359,Theresa Khayyam,06:51:56
2106,2107,30018,Harold Martin,06:54:09
2107,99999,33530,Brandon Wynsma,00:00:00
2108,99999,32166,Janna Chew,00:00:00
2109,99999,31683,Aubrey Spaeth,00:00:00
2110,99999,33654,Jeff Ekkart,00:00:00
2111,99999,31170,Austin Perkins,00:00:00
2112,99999,30482,David Ramos,00:00:00
2113,99999,33461,Emily Eagerton,00:00:00
2114,99999,31515,Tony Quernemoen,00:00:00
